State (state_name),State Code (state_code),District (district_name),District Code (district_code),Sub-District (subdistrict_name),Sub-District Code (subdistrict_code),Cluster (cluster_name),Village (village_name),UDISE Village Code (udise_village_code),Pincode (pincode),Ward (ward),School Name (school_name),School Code (udise_school_code),School Category (school_category),School Type (school_type),Management (management),Year of Establishment (year_of_establishment),Longitude (longitude),Latitude (latitude),Status (status),Location Type (location_type),Class From (class_from),Class To (class_to),Affiliation Board for Secondary Education (aff_board_sec),Affiliation Board for Higher Secondary Education (aff_board_h_sec),Pre Primary Rooms (pre_primary),Class Rooms (class_rooms),Other Rooms (other_rooms),Teachers (total_teachers),Pre Primary Students (pre_primary_students),Students in Class I (i_students),Students in Class II (ii_students),Students in Class III (iii_students),Students in Class IV (iv_students),Students in Class V (v_students),Students in Class VI (vi_students),Students in Class VII (vii_students),Students in Class VIII (viii_students),Students in Class IX (ix_students),Students in Class X (x_students),Students in Class XI (xi_students),Students in Class XII (xii_students),Non Primary Students (class_students),Total Students (class_with_pre_primary_students)
Telangana,36,Suryapet,696,Huzurnagar,5333,Zphs Lingagiri,Amara Varam,363021004,,,MPPS AMAR NAGAR,36302100406,Primary,Co. Educational,Local body,1990,79.84148,16.83711,Operational,Rural,1,5,,,0,1,0,0,0,0,11,4,0,0,0,0,0,0,0,0,0,15,15
Uttar Pradesh,9,Gorakhpur,148,Belghat,1171,Pipersandi,Somwapur,95817013,273213,,NAV JYOTI NIKETAN J.H.S. SOMNAPUR BELGHAT,9581701302,Upper Primary only,Co. Educational,Private Unaided (Recognized),2014,83.6542,26.4586,Operational,Rural,6,8,,,0,8,0,5,0,0,0,0,0,0,20,29,33,0,0,0,0,82,82
Andhra Pradesh,28,Kurnool,511,Halaharvi,5167,Zphs Gulyam,Ballur,282154001,,,MPPS BALLUR,28215400101,Primary,Co. Educational,Local body,1928,77.1041,15.4393,Operational,Rural,1,5,,,0,5,0,2,0,28,23,18,9,9,0,0,0,0,0,0,0,87,87
Maharashtra,27,Gondia,476,Deori,4385,Kakodi,Vadekasa,271103132,441901,,Z.P. PRIMARY SCHOOL VADEKASA,27110313201,Primary,Co. Educational,Local body,2001,80.475709,20.888804,Operational,Rural,1,4,,,0,2,0,2,0,3,4,3,6,0,0,0,0,0,0,0,0,16,16
Madhya Pradesh,23,Dindori,404,Amarpur,3829,Hss Amarpur (23410804816),Samnapur Ryt,234108050,481666,,PS SAMNAPUR,23410805001,Primary,Co. Educational,Tribal Welfare Department,1973,80.944316,22.778198,Operational,Rural,1,5,,,0,2,0,2,0,9,9,7,13,2,0,0,0,0,0,0,0,40,40
Chhattisgarh,22,Raipur,387,Arang,3694,Crc Kosrangi,Kosrangi,221122020,,,"PVT KDM ENGLISH MEDIUM SCHOOL KOSRANGI
",22112202010,Primary,Co. Educational,Private Unaided (Recognized),2013,81.9978,21.3453,Operational,Rural,1,5,,,0,10,4,9,20,19,10,11,17,18,0,0,0,0,0,0,0,75,95
Madhya Pradesh,23,Morena,417,Kailaras,3916,Hss Sujarma (23020605714),Khiri,230206038,476228,,GOVT.M.S. KHIRI,23020603803,Upper Primary only,Co. Educational,Department of Education,2008,77.589437,26.220504,Operational,Rural,6,8,,,0,5,0,3,0,0,0,0,0,0,33,34,28,0,0,0,0,95,95
Gujarat,24,Panch Mahals,454,Halol,4186,Talavadi,Dhariya,241703023,389370,,NAVJIVAN HIGH SCHOOL TALAVADI (VED),24170302307,Secondary Only,Co. Educational,Government Aided,1987,73.631125,22.473219,Operational,Rural,9,10,State Board,,0,2,1,3,0,0,0,0,0,0,0,0,0,60,67,0,0,127,127
Odisha,21,Sundargarh,373,Bisra,3575,Madhusudanpali Up School,Ward 27,210520027,,WARD 27,HARIJANBASTI GOVT PROJ. PRY. SCHOOL,21052002703,Primary,Co. Educational,Department of Education,2007,84.916217,22.225345,Operational,Urban,1,5,,,0,2,2,2,0,4,5,11,10,9,0,0,0,0,0,0,0,39,39
Maharashtra,27,Pune,490,Indapur,4516,Indapur No 1,Indapur,272506001,413106,INDAPUR,SHRI NARAYANDAS PRI VID MAN INDAPUR,27250600115,Primary,Co. Educational,Private Unaided (Recognized),2006,75.028909,18.117023,Operational,Urban,1,4,,,0,21,25,9,0,55,99,149,138,0,0,0,0,0,0,0,0,441,441
West Bengal,19,Purba Medinipur,None,Chandipur,None,Narghat,Chunkhabari,191907174,,,CHUNKHABARI HARIMANDIR S.S.K,19190717401,Primary,Co. Educational,Department of Education,2003,87.8624,22.0542,Operational,Rural,1,4,,,0,2,0,2,3,4,10,4,4,0,0,0,0,0,0,0,0,22,25
Assam,18,Bongaigaon,281,Srijangram,2506,Pachania,Pachania Pahar,180403147,783382,,PACHANIA PAHAR LPS,18040314704,Primary,Co. Educational,Department of Education,1979,90.63005,26.245933,Operational,Rural,1,5,,,0,1,1,3,0,24,18,17,23,15,0,0,0,0,0,0,0,97,97
Karnataka,29,Vijayapura,530,Muddebihal,5796,Ingalageri,Hagargund,290310057,,,GOVT HPS HAGARGUND LT,29031005701,Primary,Co. Educational,Department of Education,1973,76.269,16.397,Operational,Rural,1,5,,,0,2,0,1,0,16,23,23,26,25,0,0,0,0,0,0,0,113,113
Madhya Pradesh,23,Gwalior,407,Bhitarwar,3848,Hss Bhitarwar,Bhitarwar,230402203,475220,BHITARWAR,MS HAPPY DAYS PUBLIC SCHOOL BHITARWAR  NEW BUS STAND,23040220311,Primary with Upper Primary,Co. Educational,Private Unaided (Recognized),2015,78.109424,25.792029,Operational,Urban,1,8,,,1,12,0,9,0,22,30,39,31,34,38,28,21,0,0,0,0,243,243
Kerala,32,Kozhikode,561,,None,Glps Poolakode,Poolakode,320415014,673601,,MAVOOR A.L.P.S,32041501421,Primary,Co. Educational,Government Aided,1930,75.953298,11.283004,Operational,Rural,1,4,,,0,7,0,5,34,32,26,26,17,0,0,0,0,0,0,0,0,101,135
Maharashtra,27,Bid,None,Beed,None,V P Neknoor,Karegavhan,272703129,431125,,ZPPS KHANDAREWASTI KAREGAVAN,27270312902,Primary,Co. Educational,Local body,2008,75.849704,18.897189,Operational,Rural,1,4,,,0,2,0,2,0,3,2,5,2,0,0,0,0,0,0,0,0,12,12
Gujarat,24,Navsari,453,Vansda,4183,Lakhavadi,Lakhavadi,242405050,396560,,PRIMARY SCHOOL LAKHAVADI,24240505001,Primary with Upper Primary,Co. Educational,Local body,1932,73.265206,20.791717,Operational,Rural,1,8,,,0,8,2,8,0,24,20,26,25,26,17,14,17,0,0,0,0,169,169
Punjab,3,Mansa,37,Mansa,307,Gps Bhai Desa,Bhai Desa,31504034,,,GPS BHAI DESA,3150403402,Primary,Co. Educational,Department of Education,1954,75.318786,30.055274,Operational,Rural,1,5,,,0,7,0,6,33,14,21,17,13,17,0,0,0,0,0,0,0,82,115
West Bengal,19,Purba Medinipur,None,Haldia Municipality,None,Sutahata North,Haldia Word No.-I,191926016,,HALDIA WORD NO.-I,AMLAT PRY. SCHOOL,19192601603,Primary,Co. Educational,Department of Education,1940,88.1118,22.12762,Operational,Urban,1,5,,,0,8,3,10,66,76,77,71,66,73,0,0,0,0,0,0,0,363,429
Uttar Pradesh,9,Amethi - Csm Nagar,None,Amethi,None,Kherauna,Hathkila,97302037,227405,,COMPOSIT SCHOOL HATHKILA,9730203702,Primary with Upper Primary,Co. Educational,Department of Education,2007,81.856,26.141,Operational,Rural,1,8,,,0,4,0,8,0,15,22,23,29,23,18,25,18,0,0,0,0,173,173
Jharkhand,20,Ranchi,339,Kanke,3223,Ms Bariyatu,Ward No-2,201401190,834008,WARD NO-2,UPG PRIMARY SCHOOL BHITHA NICHE TOLA,20140119005,Primary,Co. Educational,Department of Education,2002,85.322611,23.416111,Operational,Urban,1,5,,,0,2,0,2,11,10,13,13,8,11,0,0,0,0,0,0,0,55,66
Himachal Pradesh,2,Kangra,18,Nagrota Bagwan,158,Gps Malan,Malan,20212048,176047,,GPS MALAN,2021204801,Primary,Co. Educational,Department of Education,1950,76.419444,32.1125,Operational,Rural,1,5,,,0,4,0,3,22,10,8,8,13,13,0,0,0,0,0,0,0,52,74
Uttar Pradesh,9,Agra,118,,None,Tanora  Noorpur,Pachgai Patti,91504034,,,R V PUBLIC SCHOOL GARHI THAKUR DAS PATTI PACHGAIN AGRA,9150403403,Pri. with Upper Pri. Sec. and H.Sec.,Co. Educational,Private Unaided (Recognized),2012,78.165,27.1841,Operational,Rural,1,12,CBSE,CBSE,0,31,31,37,0,46,39,25,34,34,40,45,41,106,78,123,134,745,745
Manipur,14,Kangpokpi,712,Kangpokpi,2370,Maram Junior High School,Nungphou,141001032,795129,,NUNGPHOU LOWER PRIMARY SCHOOL,14100103201,Primary,Co. Educational,Department of Education,1975,93.965336,25.166097,Operational,Rural,1,3,,,0,4,1,1,0,5,8,0,0,0,0,0,0,0,0,0,0,13,13
Telangana,36,Suryapet,696,Ananthagiri,7226,Zphs Shanthinagar,Gondriyala,363014009,,,ZPHS GONDRIYALA,36301400904,Upper Pri. and Secondary,Co. Educational,Local body,1955,80.034876,17.007839,Operational,Rural,6,10,State Board,,0,5,6,10,0,0,0,0,0,0,34,26,23,28,19,0,0,130,130
Bihar,10,Muzaffarpur,208,Aurai,1878,M.S Ratwara,Ratwara Bindwara,101410080,843312,,PS MAHESH ASTHAN SHEKH TOLI URDU,10141008009,Primary,Co. Educational,Department of Education,1997,85.58158,26.32165,Operational,Rural,1,5,,,0,1,0,2,0,13,11,9,17,9,0,0,0,0,0,0,0,59,59
Uttar Pradesh,9,Barabanki,129,Masauli,949,Lakshbar,Birauli,94610020,225204,,P.S.BIRAULI,9461002001,Primary,Co. Educational,Department of Education,1964,81.2835,26.9334,Operational,Rural,1,5,,,0,1,0,2,0,20,26,19,26,22,0,0,0,0,0,0,0,113,113
Tamil Nadu,33,Madurai,578,,None,P.U.M.S  T.Andipatti,Neerathan,332413007,,NEERATHAN,"PUPS, METTUNEERETHAN",33241300701,Primary,Co. Educational,Department of Education,1928,77.971887,10.054779,Operational,Rural,1,5,,,0,6,0,2,0,9,8,11,9,9,0,0,0,0,0,0,0,46,46
Uttar Pradesh,9,Kanpur Nagar,157,,None,Rasoolpur Umra,Kerchulipur,93408044,209401,,PRI. V. RASOOLPUR UMRA,9340804402,Primary,Co. Educational,Department of Education,1966,80.377789,26.177521,Operational,Rural,1,5,,,0,3,0,3,0,9,4,10,10,8,0,0,0,0,0,0,0,41,41
Assam,18,Cachar,282,Silchar,2519,Ambicapatty,Ward-21,182105027,788004,WARD-21,SUBHASH NAGAR PRIMARY SCHOOL,18210502704,Primary,Co. Educational,Department of Education,1962,92.791733,24.815583,Operational,Urban,1,5,,,0,9,1,19,61,95,93,86,90,93,0,0,0,0,0,0,0,457,518
Uttar Pradesh,9,Pratapgarh,174,,None,Chilvila,Ghorha,94313146,230001,,P S GHORHA,9431314601,Primary,Co. Educational,Department of Education,2007,81.998474,25.960446,Operational,Rural,1,5,,,0,3,0,4,0,8,9,5,3,7,0,0,0,0,0,0,0,32,32
Maharashtra,27,Bid,None,Beed,None,Nathapur,Pimpalner,272703231,431122,,SUNRISE ENGLISH SCHOOL PIMPALNER,27270323110,Primary,Co. Educational,Private Unaided (Recognized),2019,75.949408,19.059155,Operational,Rural,1,5,,,0,7,2,4,0,45,27,0,0,0,0,0,0,0,0,0,0,72,72
Karnataka,29,Tumakuru,548,Chiknayakanhalli,5905,Hoysala Katte,Bellara,291801202,,,GLPS BELLARADA GOLLRAHATTI,29180120202,Primary,Co. Educational,Department of Education,1965,76.664,13.612,Operational,Rural,1,5,,,0,2,0,2,0,3,11,8,7,1,0,0,0,0,0,0,0,30,30
Haryana,6,Fatehabad,61,Bhuna,470,Gsss Gorakhpur,Gorakhpur,61002017,,,NEW B.G.N HIGH SCHOOL GORAKHPUR,6100201714,Primary with Upper Primary,Co. Educational,Private Unaided (Recognized),2019,75.679383,29.44738,Operational,Rural,1,12,State Board,State Board,1,16,9,16,0,31,51,39,41,59,47,36,40,69,23,40,45,521,521
Uttarakhand,5,Pithoragarh,53,Dharchula,415,Chhoribagar,Lumti,50705067,262544,,GHS  LUMTI,5070506703,Upper Pri. Secondary and Higher Sec,Co. Educational,Department of Education,1985,80.3232,29.8818,Operational,Rural,6,12,State Board,State Board,0,5,5,7,0,0,0,0,0,0,17,22,28,27,20,23,18,155,155
Karnataka,29,Kalaburagi,538,,None,Tajsultanpur,Taj Sultanpur,290411059,,TAJ SULTANPUR,GHS  KSRP COLONY TAJSULTANPUR,29041105912,Secondary Only,Co. Educational,Department of Education,2008,76.825,17.386111,Operational,Urban,8,10,State Board,,0,6,6,8,0,0,0,0,0,0,0,0,3,80,67,0,0,150,150
Uttar Pradesh,9,Jaunpur,152,,None,Belwan,Parasath,96421053,222161,,P.S. PARSATH,9642105301,Primary,Co. Educational,Department of Education,1997,82.529826,25.630583,Operational,Rural,1,5,,,0,4,1,4,0,21,23,19,28,24,0,0,0,0,0,0,0,115,115
Jharkhand,20,Deoghar,324,Sarath,3088,Upg .M.S  Kura,Manjurgila,200705158,815357,,UPG .P.S. MANJURGILA,20070515801,Primary,Co. Educational,Department of Education,2004,86.832994,24.174761,Operational,Rural,1,5,,,0,2,2,2,0,16,12,12,8,3,0,0,0,0,0,0,0,51,51
Madhya Pradesh,23,Damoh,400,Jabera,3803,Hss Banwar,Ghutkuwan,231206043,470661,,GOVT MS GHUTKUWAN,23120604302,Primary with Upper Primary,Co. Educational,Department of Education,2003,79.685451,23.806533,Operational,Rural,1,8,,,0,4,0,5,0,18,8,10,15,10,11,16,12,0,0,0,0,100,100
Andhra Pradesh,28,Prakasam,517,Kondapi,5476,Zphsnethivaripalem,Ilavara,281842015,,,MPPSNETHIVARIPALEM(DPEP),28184201502,Primary,Co. Educational,Local body,1998,79.8352,15.3754,Operational,Rural,1,5,,,0,2,0,2,0,7,10,10,9,16,0,0,0,0,0,0,0,52,52
Assam,18,Hailakandi,289,Katlicherra,2588,Kukicherra,Jugicherra T.E,182302138,788165,,SANTILA GARDEN MES,18230213807,Upper Primary only,Co. Educational,Government Aided,1989,92.639683,24.435917,Operational,Rural,6,8,,,0,1,3,9,0,0,0,0,0,0,13,10,17,0,0,0,0,40,40
Rajasthan,8,Bundi,94,,None,Peeo2985- Gsss Daulatpura (221566),Hardevganj,82302017,323614,,GOVT. UPS HARDEVGANJ,8230201701,Primary with Upper Primary,Co. Educational,Department of Education,1977,76.247837,25.72987,Operational,Rural,1,8,,,0,3,0,3,0,9,4,11,5,6,5,10,6,0,0,0,0,56,56
Andhra Pradesh,28,West Godavari,523,Veeravasaram,5752,Zphs Mastyapuri,Machipuri,281538011,,,ZPHS MASTYAPURI,28153801104,Upper Pri. and Secondary,Co. Educational,Local body,1957,81.6235,16.48,Operational,Rural,6,10,State Board,CBSE,1,10,13,12,0,0,0,0,0,0,66,55,77,67,57,0,0,322,322
Telangana,36,Mahabubabad,688,Mahbubabad,5683,Zpss (B)Mahabubabad,Madhavapur,361007016,,,MPPS MADHAVAPURAM,36100701607,Primary,Co. Educational,Local body,2001,79.964018,17.525159,Operational,Rural,1,5,,,0,2,0,3,0,0,4,13,11,11,0,0,0,0,0,0,0,39,39
Assam,18,Lakhimpur,295,Lakhimpur,2645,Lakhimpur,Borpukhuri,181204150,787032,,SIMALUGURI LPS,18120415001,Primary,Co. Educational,Department of Education,1973,94.1495,27.2611,Operational,Rural,1,5,,,0,3,0,3,0,0,0,1,8,3,0,0,0,0,0,0,0,12,12
Maharashtra,27,Gondia,476,Goregaon,4387,Goregaon,Pindkepar,271105101,441801,,VIKAS  HIGH SCHOOL PINDKEPAR,27110510103,Upper Pri. and Secondary,Co. Educational,Government Aided,2004,80.160828,21.313573,Operational,Rural,8,10,State Board,,0,3,4,5,0,0,0,0,0,0,0,0,21,29,50,0,0,100,100
Uttar Pradesh,9,Varanasi,187,,None,Adampur,Adampur,96709063,221001,ADAMPUR,UNITED PUBLIC SCHOOL LAT SARAIYAN,9670906347,Primary,Co. Educational,Private Unaided (Recognized),2016,83.0229,25.3393,Operational,Urban,1,5,,,0,10,1,5,0,69,69,40,69,35,0,0,0,0,0,0,0,282,282
Rajasthan,8,Bhilwara,92,Mandalgarh,626,Uceeo10215- Gsss Mandalgarh (222685),Ward No. 10,82411419,311604,NP_MANDALGARH - Ward No.- 10,MADARSA ANJUMAN HANFIYA MANDALGARH,8241141902,Primary,Co. Educational,Madarsa recognized (by Wakf board/Madarsa Board),2010,75.00718,25.259939,Operational,Urban,1,5,,,0,2,2,2,0,16,19,7,13,10,0,0,0,0,0,0,0,65,65
Uttarakhand,5,Pauri,None,Khirsu,None,Khirsu,Gwad,50602069,246147,,SSM KHIRSU,5060206903,Primary,Co. Educational,Private Unaided (Recognized),1990,78.8683,30.1719,Operational,Rural,1,5,,,0,7,2,7,35,18,12,20,16,13,0,0,0,0,0,0,0,79,114
Assam,18,Nalbari,298,Barigog Banbhag,2677,No 1 Ghograpar,Barjabrihati,180703025,781350,,BARJABRIHATI NONAPAR LPS,18070302502,Primary,Co. Educational,Department of Education,1989,91.529367,26.428333,Operational,Rural,1,5,,,0,1,0,2,7,3,4,5,2,3,0,0,0,0,0,0,0,17,24
Uttar Pradesh,9,Agra,118,,None,Bamroli  Katara,Bijhamai,91504050,282003,,J.H.S.BIJHAMAI (COMPOSITE),9150405002,Primary with Upper Primary,Co. Educational,Department of Education,2002,78.1093,27.1239,Operational,Rural,1,8,,,0,13,2,8,0,30,48,25,39,26,17,22,21,0,0,0,0,228,228
Rajasthan,8,Jaipur,102,Kotputli,691,Peeo5221- Gsss Jaisinghpura (213037),Karwas,81201066,303108,,ADARSH NEW LIKE UP PUBLIC SCHOOL,8120106602,Primary with Upper Primary,Co. Educational,Private Unaided (Recognized),1998,76.199422,27.778856,Operational,Rural,1,8,,,0,8,2,4,0,4,4,4,3,4,7,12,4,0,0,0,0,42,42
Rajasthan,8,Jaipur,102,Bassi,685,Peeo4946- Gsss Jatwara (218738),Jatwara,81208133,303305,,GOVT UPS DHANI KRISHNA PATEL,8120813302,Primary with Upper Primary,Co. Educational,Department of Education,1985,76.192603,26.877899,Operational,Rural,1,8,,,0,8,5,9,0,9,14,15,17,18,41,35,28,0,0,0,0,177,177
West Bengal,19,Darjeeling,309,Kurseong,2864,Kurseong_Circle,St Mary'S Iii/Xi,190131092,,,LR. DUDHEY SSK,19013109201,Primary,Co. Educational,Department of Education,1985,88.2457,26.8178,Operational,Rural,1,4,,,0,2,2,0,8,0,0,0,0,0,0,0,0,0,0,0,0,0,8
Rajasthan,8,Bharatpur,91,Uchain,7402,Peeo2113- Gsss Bhont Gram Panchayat Fatehpur (217430),Jaicholi,80709065,321303,,SHISU ADARSH V.M. JAICHOLI,8070906503,Pri. with Upper Pri. Sec. and H.Sec.,Co. Educational,Private Unaided (Recognized),1999,77.407119,27.133227,Operational,Rural,1,12,State Board,State Board,1,17,6,21,0,81,60,63,45,44,45,46,44,58,85,55,48,674,674
Tamil Nadu,33,Ariyalur,610,T. Palur,6260,Vikkiramanagalam,Kadambur,333201021,,,PUES-ARAKKATTALAI,33320102102,Primary,Co. Educational,Department of Education,1977,79.239256,11.009255,Operational,Rural,1,5,,,0,2,0,2,0,4,6,3,5,3,0,0,0,0,0,0,0,21,21
Chhattisgarh,22,Rajnandgaon,388,,None,Bundeli,Sandi,220903137,,,GOVT. PRIMARY SCHOOL SANDI,22090313701,Primary,Co. Educational,Department of Education,1885,81.09,21.5975,Operational,Rural,1,5,,,0,2,1,3,0,19,37,20,25,25,0,0,0,0,0,0,0,126,126
Maharashtra,27,Bid,None,Dharur,None,Anjandoha,Gopalpur,272704041,431124,,ZPPS SHIKSHAK COLONY GOPALPUR,27270404102,Primary,Co. Educational,Local body,2008,76.119042,18.848751,Operational,Rural,1,4,,,0,2,1,2,0,4,1,4,2,0,0,0,0,0,0,0,0,11,11
Jharkhand,20,Saraikela Kharsawan,341,Seraikella,3253,Boys M S Saraikella,Ward-5,202020106,833219,WARD-5,UPG HS RAJKIYE GIRLS SERAIKELLA,20202010601,Pri. Upper Pri. and Secondary Only,Co. Educational,Department of Education,1953,85.931733,22.698317,Operational,Urban,1,10,State Board,,0,11,4,10,0,4,14,14,16,16,39,35,45,19,33,0,0,235,235
Tamil Nadu,33,Dharmapuri,571,Pennagaram,6140,Pauparapatti,Pauparapatti,330503114,,,PUPS PAUPARAPATTI,33050311401,Primary,Co. Educational,Department of Education,1938,78.056184,12.210119,Operational,Rural,1,5,,,0,11,2,4,0,13,13,24,32,44,0,0,0,0,0,0,0,126,126
Karnataka,29,Bengaluru Rural,526,Devanhalli,5764,Vishwanathapura,Bhyradenahalli,292103019,,,G LPS BHYRADENAHALLI,29210301901,Primary,Co. Educational,Department of Education,1956,77.608611,13.290278,Operational,Rural,1,5,,,0,2,0,2,0,1,5,1,4,4,0,0,0,0,0,0,0,15,15
Assam,18,Kokrajhar,294,Kachugaon,2637,Shimultapu,Simultapu No.3,180103220,783361,,SHIMULTAPU GIRLS ME SCHOOL-NP,18010322002,Primary with Upper Primary,Co. Educational,Department of Education,1990,89.87685,26.441117,Operational,Rural,1,8,,,0,8,0,9,9,18,19,32,28,25,35,29,17,0,0,0,0,203,212
Rajasthan,8,Chittorgarh,95,Rashmi,653,Peeo3370- Gsss Uncha (224022),Uncha2,82901011,312206,,GOVT. GIRLS UPS UNCHA,8290101102,Primary with Upper Primary,Co. Educational,Department of Education,2004,74.459075,25.14687,Operational,Rural,1,8,,,0,6,1,5,0,6,7,5,10,12,13,17,15,0,0,0,0,85,85
Madhya Pradesh,23,Morena,417,Morena,3917,Hss Dathara (2302035606),Naka,230203067,476001,,GOVT.P.S.(EGS) KHADIYA KA PURA,23020306704,Primary,Co. Educational,Department of Education,1998,78.1472,26.472964,Operational,Rural,1,5,,,0,3,0,2,0,5,7,1,5,3,0,0,0,0,0,0,0,21,21
Uttar Pradesh,9,Agra,118,Jagner,811,Sigayach,Mewali,91508044,283115,,P.P.MEWALI,9150804401,Primary,Co. Educational,Department of Education,1964,77.627917,26.8849,Operational,Rural,1,5,,,0,6,0,4,0,26,30,24,42,26,0,0,0,0,0,0,0,148,148
Telangana,36,Hyderabad,507,Bahadurpura,4983,Ghs Vattepally,Hyderabad M.Corporation,362211901,,HYDERABAD M.CORPORATION,"GOVT. PS VIRASATHNGR, VIRASAT NAGAR",36221190169,Primary,Co. Educational,Department of Education,2000,78.457764,17.328021,Operational,Urban,1,5,,,0,4,0,2,0,5,15,11,8,6,0,0,0,0,0,0,0,45,45
Madhya Pradesh,23,Datia,401,Bhander,3807,Govt Girls Hss Bhander,Ward 9,230503143,475335,WARD 9,SANJAY GANDHI MS BHANDER,23050314301,Primary with Upper Primary,Co. Educational,Private Unaided (Recognized),1980,78.74561,25.734782,Operational,Urban,1,8,,,0,11,0,12,7,11,9,8,7,11,6,8,7,0,0,0,0,67,74
Madhya Pradesh,23,Guna,406,Raghogarh,3847,Hs Dongar,Motipur,230709111,473287,,GOVT MS MOTIPUR  NMS,23070911102,Primary with Upper Primary,Co. Educational,Department of Education,2003,77.227314,24.143356,Operational,Rural,1,8,,,0,5,5,4,0,8,15,9,12,10,18,19,15,0,0,0,0,106,106
West Bengal,19,24 Paraganas South,304,,None,Byanjanheria Gs Fp,Ward-4,191831004,,WARD-4,GOURANGA F P,19183100401,Primary,Co. Educational,Department of Education,1972,88.16039,22.4852,Operational,Rural,1,4,,,0,3,1,4,6,7,10,5,7,0,0,0,0,0,0,0,0,29,35
Uttar Pradesh,9,Hardoi,150,Shahabad,1210,Uddharanpur,Hirauli Kutubnagar,92511017,241124,,PRY. SCH. HIRAULI KUTUB NAGARQ,9251101701,Primary,Co. Educational,Department of Education,1964,79.910519,27.678774,Operational,Rural,1,5,,,0,5,0,4,0,15,13,8,9,17,0,0,0,0,0,0,0,62,62
Assam,18,Cachar,282,Katigorah,2513,Mahadevpur,Talkar Grant,182101157,788816,,1258 NO. RAJPUR LPS,18210115701,Primary,Co. Educational,Department of Education,1972,92.48705,25.022483,Operational,Rural,1,5,,,0,2,2,3,0,8,12,14,10,6,0,0,0,0,0,0,0,50,50
Uttar Pradesh,9,Azamgarh,123,Lalganj,873,Mehrojagdishpur,Katgharlalganj,96104006,276202,,G.G.I.C. KATGHAR LALGANJ,9610400611,Secondary with Higher Secondary,Girls Only,Department of Education,1998,82.96563,25.846313,Operational,Rural,9,12,State Board,State Board,0,6,6,5,0,0,0,0,0,0,0,0,0,41,35,0,35,111,111
Uttar Pradesh,9,Etawah,139,Barhpura,1078,Sangawali,Narain Pura,93105128,206131,,PS NARAIN PURA,9310512801,Primary,Co. Educational,Department of Education,2002,78.900823,26.826488,Operational,Rural,1,5,,,0,5,0,4,0,24,18,10,16,12,0,0,0,0,0,0,0,80,80
Assam,18,Golaghat,288,,None,Urban-1,Dergaon Town Ward 7,181803125,785614,,NEGHERITING KACHARI LINE M LP,18180312503,Primary,Co. Educational,Department of Education,1977,94.009917,26.733583,Operational,Rural,1,5,,,0,5,1,5,0,16,9,11,15,10,0,0,0,0,0,0,0,61,61
Odisha,21,Anugul,344,,None,Badakantakul Nodal Ups,Kanja,211501016,,,KANJA PROJECT UPS,21150101602,Primary with Upper Primary,Co. Educational,Department of Education,1923,85.11344,20.64861,Operational,Rural,1,8,,,0,5,1,4,0,20,18,12,11,20,11,13,20,0,0,0,0,125,125
Uttarakhand,5,Almora,45,Dhauladevi,355,Bhanoli,Palari Gunth,50905231,263687,,P.S. CHALTHI BAGADH,5090523101,Primary,Co. Educational,Department of Education,2008,79.9379,29.4951,Operational,Rural,1,5,,,0,2,0,1,0,0,1,0,2,2,0,0,0,0,0,0,0,5,5
Madhya Pradesh,23,Chhindwara,399,Chhindwara,3792,Jsk Hss Kaparwadi (23430110505),Kaparwadi,234301105,480223,,LAKSHYA PUBLIC SCHOOL KAPARWADI,23430110507,Primary with Upper Primary,Co. Educational,Private Unaided (Recognized),2015,78.940021,22.170953,Operational,Rural,1,8,,,0,11,2,10,9,15,15,12,17,15,20,7,7,0,0,0,0,108,117
Uttar Pradesh,9,Ambedkar Nagar,121,,None,Nariyaon,Mampur,94807135,224147,,YASHODA DEVI AMBEDKAR P S,9480713501,Primary,Co. Educational,Private Unaided (Recognized),1995,82.855535,26.421401,Operational,Rural,1,5,,,0,6,0,5,0,30,35,43,47,46,0,0,0,0,0,0,0,201,201
Assam,18,Charaideo,708,Sonari,2700,Suffry B,Khona Te,182905176,785688,,KHONA TE LPS,18290517601,Primary,Co. Educational,Department of Education,1950,94.927017,27.01995,Operational,Rural,1,5,,,0,4,0,6,31,40,39,28,23,27,0,0,0,0,0,0,0,157,188
Uttar Pradesh,9,Ambedkar Nagar,121,Tanda,858,Ainawa,Dashrathpur,94809047,224145,,U P S DASHRATHPUR,9480904702,Upper Primary only,Co. Educational,Department of Education,1949,82.525548,26.61615,Operational,Rural,6,8,,,0,5,2,3,0,0,0,0,0,0,12,7,7,0,0,0,0,26,26
Jammu and Kashmir,1,Ganderbal,626,Ganderbal,119,Ps Buserbugh,61-Alusteng,11911039,190006,,GPS BAKURA,1191103914,Primary,Girls Only,Department of Education,1966,74.841446,34.1906,Operational,Rural,1,5,,,0,2,0,2,2,1,6,2,3,1,0,0,0,0,0,0,0,13,15
Telangana,36,Jagitial,681,Buggaram,7209,Zphs Buggaram,Madnoor,360607008,,,ZPHS MADDUNOOR,36060700803,Upper Pri. and Secondary,Co. Educational,Local body,2002,79.107658,18.865986,Operational,Rural,6,10,State Board,,0,3,0,6,0,0,0,0,0,0,18,20,3,8,12,0,0,61,61
West Bengal,19,Murshidabad,319,Berhampore,3003,Belpukur Pry,Bhakuri-Ii/Iv,190711054,,,KAYA PRY,19071105403,Primary,Co. Educational,Department of Education,1973,88.25083,24.05614,Operational,Rural,1,4,,,0,4,2,4,9,14,12,15,20,0,0,0,0,0,0,0,0,61,70
West Bengal,19,Murshidabad,319,Beldanga-I,3001,Janakinagar Pry,Madda/X,190706010,,,BISHANNAGAR T.T. PRY,19070601002,Primary,Co. Educational,Department of Education,1942,88.27388,23.90277,Operational,Rural,1,4,,,0,3,0,4,21,32,29,19,18,0,0,0,0,0,0,0,0,98,119
Rajasthan,8,Dungarpur,99,Bichiwara,670,Peeo4084- Gsss Oda Bada (223647),Odabada,82701038,314804,,G.P.S. JALIYA DARA,8270103807,Primary,Co. Educational,Local body,2001,73.60929,23.812697,Operational,Rural,1,5,,,0,2,1,2,0,7,11,13,13,9,0,0,0,0,0,0,0,53,53
Odisha,21,Kandhamal,359,Chakapad,3423,Sankarakhola P S,Sitajhar,212102158,,,SITAJADA PS,21210215801,Primary,Co. Educational,Department of Education,1962,84.276357,20.342718,Operational,Rural,1,5,,,0,3,2,2,0,4,7,4,1,4,0,0,0,0,0,0,0,20,20
Uttar Pradesh,9,Sambhal (Bhim Nagar),None,Behjoi,None,Sadat Badi,Naroda,96804073,244410,,P.S.NARODA,9680407301,Primary,Co. Educational,Department of Education,1996,78.8167,28.85,Operational,Rural,1,5,,,0,7,2,5,0,31,29,28,28,26,0,0,0,0,0,0,0,142,142
Uttar Pradesh,9,Gonda,147,Tarabganj,1167,Ramapur Bhagahi,Dhorepur,95304005,271403,,JANKALYAN GRAMODYOG SANS. G.P.S.,9530400509,Primary,Co. Educational,Private Unaided (Recognized),2008,81.96038,26.964,Operational,Rural,1,5,,,0,5,0,3,0,11,12,9,9,11,0,0,0,0,0,0,0,52,52
Bihar,10,Gopalganj,197,Gopalganj,1760,U.M.S Chatur Bagha,Baraipatti,101510040,841428,,UPGD HIGH SCHOOL BARAIPATTI,10151004001,Pri. Upper Pri. and Secondary Only,Co. Educational,Department of Education,1966,84.411111,26.565138,Operational,Rural,1,10,State Board,,0,5,0,12,0,84,89,61,49,39,89,67,96,0,0,0,0,574,574
Jammu and Kashmir,1,Jammu,5,,None,Ms Bhalmiki Basti,Bathindi,11307009,181152,,PS JARKHI,1130700907,Primary,Co. Educational,Department of Education,2010,74.9185,32.7166,Operational,Rural,1,5,,,0,1,1,2,0,0,1,0,2,2,0,0,0,0,0,0,0,5,5
Tamil Nadu,33,Virudhunagar,597,Sattur,6479,Pups Nenmani,Papakudi,332611025,,,"PANCHAYAT UNION PRIMARY SCHOOL, PAPPAKUDI",33261102501,Primary,Co. Educational,Department of Education,1959,78.02531,9.39137,Operational,Rural,1,5,,,0,2,0,2,0,1,2,5,1,3,0,0,0,0,0,0,0,12,12
Rajasthan,8,Dungarpur,99,Galiyakoat,6837,Peeo4182- Gsss Divda Bada (223035),Divda Bada,82708004,314031,,G.U.P.S. BHILVA DUNGRI,8270800404,Primary with Upper Primary,Co. Educational,Department of Education,1999,74.041463,23.606587,Operational,Rural,1,8,,,0,6,6,8,0,5,9,12,13,15,30,22,25,0,0,0,0,131,131
Assam,18,Sonitpur,301,Dhekiajuli,2709,Panbari,Charchobari,181102062,784111,,MANOBAG CHARCHOBARI LPS,18110206201,Primary,Co. Educational,Department of Education,1988,93.19225,26.829633,Operational,Rural,1,5,,,0,4,1,2,0,5,2,2,4,0,0,0,0,0,0,0,0,13,13
Meghalaya,17,West Jaintia Hills,275,Thadlaskein,2467,Saitsama,Tamu,170701091,793151,,TAMU LUMLAPALANG LPS,17070109105,Primary,Co. Educational,Department of Education,2007,92.393834,25.696824,Operational,Rural,1,5,,,0,3,0,2,27,22,6,4,1,1,0,0,0,0,0,0,0,34,61
Madhya Pradesh,23,Sheopur,431,Vijaypur,4010,Hss Agra,Agra,230108145,,,INTERNATIONAL PUBLIC SCHOOL,23010814509,Primary with Upper Primary,Co. Educational,Private Unaided (Recognized),2019,77.255055,25.92854,Operational,Rural,1,8,,,0,8,8,3,0,15,11,4,7,9,7,10,10,0,0,0,0,73,73
Uttar Pradesh,9,Firozabad,143,Eka,1117,Eka,Eka,91609001,283152,,SMT. KANTH SHRI SAHUKAR IC,9160900123,Secondary with Higher Secondary,Co. Educational,Private Unaided (Recognized),2002,78.59285,27.43404,Operational,Rural,9,12,State Board,State Board,0,14,4,11,0,0,0,0,0,0,0,0,0,16,12,4,9,41,41
West Bengal,19,Howrah,313,Udaynarayanpur,2916,Chak Ghara J.Smriti Vidyamandir,Singti/Viii,191608059,,,RAJAPUR ORIENTED PRY SCHOOL,19160805902,Primary,Co. Educational,Department of Education,1910,87.97589,22.69037,Operational,Rural,1,4,,,0,3,0,2,11,10,15,19,13,0,0,0,0,0,0,0,0,57,68
Rajasthan,8,Jaipur,102,Madhorajpura,7447,Peeo5295- Gsss Pahadiya (218203),Pahadiya,81211165,303904,,GOVT SR. SEC. SCHOOL PAHADIYA,8121116501,Pri. with Upper Pri. Sec. and H.Sec.,Co. Educational,Department of Education,1958,75.745382,26.680978,Operational,Rural,1,12,State Board,State Board,1,10,8,14,0,13,15,20,10,21,23,28,31,63,71,47,50,392,392
Himachal Pradesh,2,Shimla,23,,None,Gsss Ghanahatti,Mehli,21106044,171009,,UMA PUBLIC SCHOOL MEHLI SHIMLA,2110604403,Pri. Upper Pri. and Secondary Only,Co. Educational,Private Unaided (Recognized),1992,77.180833,31.066111,Operational,Rural,1,10,State Board,,0,12,5,12,11,11,12,15,12,16,12,18,14,14,12,0,0,136,147
Rajasthan,8,Bundi,94,Hindoli,636,Peeo2964- Gsss Sathoor (222230),Sathoor,82301074,323024,,GOVT. SR.SEC.SATHOOR,8230107405,Pri. with Upper Pri. Sec. and H.Sec.,Co. Educational,Department of Education,1961,75.559623,25.476981,Operational,Rural,1,12,State Board,State Board,0,11,7,13,0,8,7,18,18,16,40,49,48,97,107,90,42,540,540
Gujarat,24,Rajkot,457,,None,C.R.C. No. 13,Rmc Ward No 13,240915013,360005,RMC WARD NO 13,H. L. GANDHI VIDYA VIHAR,24091501357,Secondary with Higher Secondary,Boys Only,Government Aided,1963,70.767628,22.282715,Operational,Urban,9,12,State Board,State Board,0,6,1,6,0,0,0,0,0,0,0,0,0,50,48,50,42,190,190
Rajasthan,8,Churu,96,Sujangarh,658,Uceeo9992- Ggsss Kanoi Sujangarh (215529),Npsujangarh_Ward No 38,80405215,331507,ND_SUJANGARH - Ward No.- 38,ADARSH VIDYA MANDIR SEWA BASTI SUJANGARH,8040521505,Primary,Co. Educational,Private Unaided (Recognized),2006,74.463354,27.707587,Operational,Urban,1,5,,,0,10,1,5,30,35,52,53,55,55,0,0,0,0,0,0,0,250,280
Bihar,10,Gaya,196,Dobhi,1738,M.S Kharanti,Bariya,103518114,824220,,U.H.S. BARIYA,10351811401,Pri. with Upper Pri. Sec. and H.Sec.,Co. Educational,Department of Education,1963,84.8889,24.4853,Operational,Rural,1,12,State Board,State Board,0,14,0,7,0,20,72,63,73,63,85,71,83,134,123,0,0,787,787
Odisha,21,Nuapada,368,Khariar,3532,Meherpada P.S.,Bhojpur,212502019,,,GOVT PS KHINBAHALI PADA,21250201902,Primary,Co. Educational,Department of Education,1998,82.771432,20.353325,Operational,Rural,1,5,,,0,1,1,2,0,1,5,5,4,3,0,0,0,0,0,0,0,18,18
Uttar Pradesh,9,Firozabad,143,,None,Mau Yaduvanshpur,Mau Yaduvanshpur,94704027,224001,,PURVA MADHAYMIK VIDYALAYA SHIWALAMAU,9470402702,Upper Primary only,Co. Educational,Department of Education,1997,82.11192,26.735272,Operational,Rural,6,8,,,0,8,3,10,0,0,0,0,0,0,78,70,96,0,0,0,0,244,244
Arunachal Pradesh,12,Changlang,229,,None,Vijaynagar,Gandigram,121202011,792055,,FREEDOM CHRISTIAN SCHOOL GANDHIGRAM,12120201102,Primary,Co. Educational,Unrecognized,2013,96.91587,27.27061,Operational,Rural,1,5,,,0,10,2,10,84,34,44,34,28,34,0,0,0,0,0,0,0,174,258
Madhya Pradesh,23,Satna,426,Maihar,3975,Ghs Berma,Kutai,231302041,485771,,GMS KUTAI,23130204104,Primary with Upper Primary,Co. Educational,Department of Education,2003,80.761754,24.216544,Operational,Rural,1,8,,,0,6,0,6,0,9,8,8,15,10,44,38,47,0,0,0,0,179,179
West Bengal,19,Birbhum,307,Labpur,2831,Maheshpur Murari Mohan High School, Indus-V,190804005,,,PUTUNDI PRY. SCHOOL,19080400503,Primary,Co. Educational,Department of Education,1954,87.87169,23.76115,Operational,Rural,1,5,,,0,6,0,3,11,16,12,17,10,17,0,0,0,0,0,0,0,72,83
Uttar Pradesh,9,Bijnor,132,,None,Nagar Nazibabad,Ward No 1,90316008,246763,WARD NO 1,HARIJAN BAL MANDIR JABTAGANG,9031600804,Primary,Co. Educational,Private Unaided (Recognized),1975,78.34303,29.61418,Operational,Urban,1,5,,,0,4,4,5,0,0,59,35,51,23,0,0,0,0,0,0,0,168,168
Jharkhand,20,Dhanbad,325,,None,Ms Pindrahat,Billi,201207041,828201,,UPG PS JAMKUDAR(BARMASIYA),20120704105,Primary,Co. Educational,Department of Education,2004,86.602861,23.7658,Operational,Rural,1,5,,,0,2,2,2,0,7,4,11,1,10,0,0,0,0,0,0,0,33,33
Meghalaya,17,East Jaintia Hills,657,,None,Dkhiah Cluster,Dkhiah West,170901028,793160,,IENG SWER MEMO UPS,17090102805,Upper Primary only,Co. Educational,Department of Education,2005,92.345722,25.367972,Operational,Rural,6,8,,,1,3,1,4,0,0,0,0,0,0,17,19,19,0,0,0,0,55,55
Uttar Pradesh,9,Fatehpur,142,Bahua,1106,Ayah,Khatauli,94207039,212633,,COMPOSITE SCHOOL KHATAULI,9420703901,Primary,Co. Educational,Department of Education,1957,80.71868,25.885924,Operational,Rural,1,5,,,0,6,6,8,0,17,45,34,45,28,0,0,0,0,0,0,0,169,169
Bihar,10,Katihar,201,Barsoi,1802,Ms Gwaltoli,Malapara,101011205,855102,,MDR ZINATIA MALAPARA,10101120501,Primary with Upper Primary,Co. Educational,Madarsa recognized (by Wakf board/Madarsa Board),1961,87.921735,25.631632,Operational,Rural,1,8,,,0,9,0,1,0,6,3,7,7,5,3,4,7,0,0,0,0,42,42
Madhya Pradesh,23,Balaghat,392,Baihar,3744,Garhi Hss New Jsk,Mahajan Tola Ward 15,234509002,481117,,GOVT. PRIMARY SCHOOL NAVALPUR,23450900201,Primary,Co. Educational,Tribal Welfare Department,2007,80.78215,22.193436,Operational,Rural,1,5,,,0,3,3,2,0,7,12,8,9,11,0,0,0,0,0,0,0,47,47
Delhi,7,East,78,Doe Zone-01,None,"1001009-Govt. Sarvodaya Kanya Vidyalaya, Anand Vihar (Near Railway Station), Delhi",017-E (Vishwas Nagar),71003017,,017-E (Vishwas Nagar),"KENDRIYA VIDYALAYA,VIGYAN VIHAR, NEAR VIVEK VIHAR POLICE STATION, DELHI",7040922503,Pri. with Upper Pri. Sec. and H.Sec.,Co. Educational,Kendriya Vidyalaya,1984,77.308852,28.665985,Operational,Urban,1,12,CBSE,CBSE,3,48,10,107,0,343,399,397,429,419,425,430,426,418,498,345,394,4923,4923
Uttarakhand,5,Haridwar,50,Bahadrabad,385,Shyampur,Gaindikhata,51301094,246763,,U.P.S. GAINDIKHATA GUJJAR BASTI,5130109409,Upper Primary only,Co. Educational,Department of Education,2009,78.2631,29.7691,Operational,Rural,6,8,,,0,3,0,2,0,0,0,0,0,0,8,10,13,0,0,0,0,31,31
Assam,18,Hojai,709,,None,Tangia Kaki,Kaki 7 No. Gaon,183008196,782442,,KAKI MATI PAHAR ADARSHA LP.,18300819603,Primary,Co. Educational,Department of Education,1982,93.0233,25.98545,Operational,Rural,1,5,,,0,2,0,4,16,20,29,20,21,16,0,0,0,0,0,0,0,106,122
Chhattisgarh,22,Kawardha,None,Sahaspur Lohara,None,Nawghata,Aamgaon,220812055,,,P.S. AAMGOAN,22081205501,Primary,Co. Educational,Department of Education,1955,81.1886,21.8328,Operational,Rural,1,5,,,0,3,0,3,0,10,25,13,14,22,0,0,0,0,0,0,0,84,84
Jammu and Kashmir,1,Anantnag,1,Shangus,12,Ranipora,Brah,10614035,192201,,PS GORIPORA,1061403505,Primary,Co. Educational,Department of Education,2004,75.2799,33.7323,Operational,Rural,1,5,,,0,1,0,1,0,1,1,1,1,0,0,0,0,0,0,0,0,4,4
Maharashtra,27,Yavatmal,500,Arni,4618,Arni - 1,Manpur,271401076,445103,MANPUR,"N. P. PRI. SCHOOL NO 8, MANPUR",27140107601,Primary,Co. Educational,Local body,1969,77.943867,20.082412,Operational,Urban,1,5,,,0,2,2,2,0,14,9,8,11,0,0,0,0,0,0,0,0,42,42
Madhya Pradesh,23,Raisen,421,Udaipura,3941,New Gghss Udaipura,Udaipura,233407152,,,KRISHNA PUBLIC SCHOOL UDAIPURA,23340715250,Primary with Upper Primary,Co. Educational,Private Unaided (Recognized),2016,78.514886,23.075225,Operational,Rural,1,8,,,0,12,0,5,2,7,0,0,0,0,0,0,0,0,0,0,0,7,9
Uttarakhand,5,Pithoragarh,53,Didihat,416,Athkhet,Almiyangaun,50704038,262552,,G.P.S. ALKA THAL,5070403802,Primary,Co. Educational,Department of Education,1963,80.1538,29.8261,Operational,Rural,1,5,,,0,2,1,1,0,3,3,2,5,2,0,0,0,0,0,0,0,15,15
Tamil Nadu,33,Kanniyakumari,575,,None,Gms Manalikarai,Kotha Nalloor,333005005,,,RCHS CHEMPARUTHIVILAI,33300500511,Upper Pri. and Secondary,Co. Educational,Government Aided,2009,77.308725,8.286295,Operational,Rural,6,10,State Board,,5,12,7,4,0,0,0,0,0,0,17,14,12,16,20,0,0,79,79
Andhra Pradesh,28,Kadapa,None,Chennur,None,Zphs Ramanapalli,Chinamachupalle,282027012,,CHINAMACHUPALLE,ZPHS CHINNAMACHU PALLI,28202701204,Upper Pri. and Secondary,Co. Educational,Local body,1990,78.8014,14.5069,Operational,Urban,6,10,State Board,CBSE,0,5,15,9,0,0,0,0,0,0,17,15,23,13,13,0,0,81,81
Jharkhand,20,Dumka,326,Kathikund,3102,Upg Ms Sarwapani,Sarwapani,201109198,814103,,UPG PS SARWAPANI (SARWAY),20110919802,Primary,Co. Educational,Department of Education,2004,87.444139,24.418556,Operational,Rural,1,5,,,0,4,2,2,0,8,5,5,8,9,0,0,0,0,0,0,0,35,35
Rajasthan,8,Jaipur,102,Madhorajpura,7447,Peeo5299- Gsss Renwal Manji (218198),Renwal Manjee,81211147,303904,,SHAKTI VIDHA MANDER SR. SEC. RENWALMANJI,8121114714,Pri. with Upper Pri. Sec. and H.Sec.,Co. Educational,Private Unaided (Recognized),2000,75.687748,26.532412,Operational,Rural,1,12,State Board,State Board,0,20,3,17,78,63,62,69,83,57,63,66,54,51,91,61,85,805,883
Haryana,6,Palwal,619,Palwal,468,Gsss Katesra,Kulina,62110040,121004,,GPS KULINA,6211004005,Primary,Co. Educational,Department of Education,1962,77.448865,28.19867,Operational,Rural,1,5,,,0,5,3,3,0,8,7,18,20,14,0,0,0,0,0,0,0,67,67
Jharkhand,20,Purbi Singhbhum,None,Baharagora,None,"M.S.Pachando, B1",Dhanadahi,201807412,832101,,UPGRADED PS DHANADAHI,20180741201,Primary,Co. Educational,Department of Education,2002,86.781642,22.245956,Operational,Rural,1,5,,,0,2,1,2,3,11,14,8,8,9,0,0,0,0,0,0,0,50,53
Delhi,7,North West,82,Doe Zone-09,None,"1309032-Govt. Sarvodaya Kanya Vidyalaya, Block-B(Ah), Shalimar Bagh, Delhi",061-N (Haiderpur),71301061,,061-N (Haiderpur),"GOVT. GIRLS SEC. SCHOOL,HAIDER PUR- DELHI",7010105502,Upper Pri. and Secondary,Girls Only,Department of Education,1971,77.147763,28.72523,Operational,Urban,6,10,CBSE,,1,17,5,37,0,0,0,0,0,0,216,208,210,215,126,0,0,975,975
West Bengal,19,Paschim Medinipur,None,Daspur-1,None,Hari Rajpur Pry Crc,Nij-Narajole-7,192028118,,,SEMANA PRANKRISHNA HIGH SCHOOL U.PRY.,19202811802,Upper Pri. and Secondary,Co. Educational,Department of Education,1968,87.58055,22.60527,Operational,Rural,5,10,State Board,,1,8,5,12,0,0,0,0,0,39,41,48,29,18,78,0,0,253,253
Uttarakhand,5,Dehradun,49,Raipur,382,Poolice Line,Race Course,50505207,248001,RACE COURSE,S.G.R.R. PUBLIC SCHOOL RACE COURSE,5050520703,Pri. with Upper Pri. Sec. and H.Sec.,Co. Educational,Private Unaided (Recognized),1984,78.0391,30.3075,Operational,Urban,1,12,CBSE,CBSE,1,71,20,103,90,48,54,59,82,97,132,154,177,375,391,427,522,2518,2608
Assam,18,Dibrugarh,286,Khowang,2565,Tiloinagar,Tiloibari Nepali Vec,181503221,785675,,TILOIBARI MAZDUR LPS,18150322101,Primary,Co. Educational,Department of Education,1978,94.896567,27.230033,Operational,Rural,1,5,,,0,3,1,2,0,13,4,4,4,5,0,0,0,0,0,0,0,30,30
Jharkhand,20,Koderma,334,Koderma,3183,Upg Govtums Harijan Karma,Baratola,200501211,825408,,UPG DPEP MS BARATOLA,20050121101,Primary with Upper Primary,Co. Educational,Department of Education,1997,85.553914,24.444339,Operational,Rural,1,8,,,0,10,2,6,4,17,25,28,33,49,60,66,58,0,0,0,0,336,340
Uttar Pradesh,9,Jalaun,151,,None,Ta Konch,Ward No.-23,93512012,285205,WARD NO.-23,RAGHUVEER PRASAD MEMORIAL SCHOOL MALVIYA NAGAR KONCH,9351201207,Primary,Co. Educational,Private Unaided (Recognized),2014,79.139247,26.013582,Operational,Urban,1,5,,,0,8,1,1,18,25,25,20,12,10,0,0,0,0,0,0,0,92,110
Bihar,10,Purbi Champaran,213,Motihari,1984,Gms Naya Bariarpur,Bara Bariyarpur,100216053,845401,,"GMS BARA BARIYARPUR, GIRL",10021605302,Primary with Upper Primary,Co. Educational,Department of Education,1962,84.9218,26.6346,Operational,Rural,1,8,,,0,6,0,15,0,45,42,47,48,47,48,47,47,0,0,0,0,371,371
Jharkhand,20,Gumla,331,Gumla,3157,Govt Upg Ms Karoundi,Jorag,201608134,835207,,GOVT UPG MS JORAG,20160813401,Primary with Upper Primary,Co. Educational,Department of Education,1967,84.548194,22.989917,Operational,Rural,1,8,,,0,6,2,3,6,11,19,20,26,14,20,15,21,0,0,0,0,146,152
Andhra Pradesh,28,Srikakulam,519,Burja,5545,Zphs Palavalasa,Allena,281111016,,,MPUPS ALLENA,28111101601,Primary with Upper Primary,Co. Educational,Local body,1921,83.7409,18.5461,Operational,Rural,1,8,,,0,6,0,8,0,9,15,14,9,17,20,15,13,0,0,0,0,112,112
Uttar Pradesh,9,Barabanki,129,Bani Kodar,942,Tikra,Tikara,94605081,225416,,COMPOSITE SCHOOL TIKRA BABUAN,9460508103,Primary with Upper Primary,Co. Educational,Department of Education,2008,81.522878,26.710061,Operational,Rural,1,8,,,0,14,4,4,0,21,25,31,14,19,12,20,19,0,0,0,0,161,161
Rajasthan,8,Udaipur,117,Kotra,799,Peeo9630- Gss Umriya (227445),Umhriya,82606019,307025,,GOVT.SECONDARY SCHOOL UMHARIYA,8260601901,Pri. Upper Pri. and Secondary Only,Co. Educational,Department of Education,1962,73.21304,24.251014,Operational,Rural,1,10,State Board,,0,3,3,3,0,20,43,42,12,20,25,23,20,6,0,0,0,211,211
Chhattisgarh,22,Bastar,374,Jagdalpur,3595,Mahatma Gandhi,Jagdalpur,221533086,,JAGDALPUR,PVT HS ST. XAVIERS,22153308637,Pri. with Upper Pri. Sec. and H.Sec.,Co. Educational,Private Unaided (Recognized),2003,82.0253,19.0842,Operational,Urban,1,12,ICSE,ICSE,0,30,11,22,187,73,87,84,96,43,70,79,51,0,0,0,0,583,770
Rajasthan,8,Chittorgarh,95,Dungla,648,Peeo3269- Gsss Semliya (224275),Arthala,82908074,312402,,GOVT.  P.S.ARTHALA,8290807401,Primary,Co. Educational,Local body,1985,74.362615,24.482468,Operational,Rural,1,5,,,0,2,1,2,0,10,5,12,4,8,0,0,0,0,0,0,0,39,39
Uttar Pradesh,9,Varanasi,187,Pindra,1622,Babatpur,Jamalpur,96708022,221105,,PS JAMALPUR,9670802201,Primary,Co. Educational,Department of Education,1991,82.928104,25.369262,Operational,Rural,1,5,,,0,5,1,4,0,6,7,5,5,5,0,0,0,0,0,0,0,28,28
Jharkhand,20,Dumka,326,Masaliya,3103,Ad.M.S.Laharjoria,Paharpur-1,201103242,814146,,DPEP NPS PAHARPUR,20110324201,Primary,Co. Educational,Department of Education,2000,87.119175,24.171667,Operational,Rural,1,5,,,0,2,0,1,0,3,2,6,4,4,0,0,0,0,0,0,0,19,19
Gujarat,24,Panch Mahals,454,,None,Hanselav,Shaikhpur,241711082,389210,,SHREE SANATAN U.B.VIDHYALAY,24171108204,Secondary Only,Co. Educational,Government Aided,1987,73.657003,23.001769,Operational,Rural,9,10,State Board,,0,2,0,4,0,0,0,0,0,0,0,0,0,53,52,0,0,105,105
Maharashtra,27,Ahmednagar,466,Shrigonda,4289,Pargaon,Ghargaon,272613056,413728,,SAVITRIBAI FULE PRY.SCHOOL GHARGAON,27261305612,Primary with Upper Primary,Co. Educational,Private Unaided (Recognized),2006,74.64322,18.750195,Operational,Rural,1,7,,,0,7,3,7,0,14,18,15,24,13,15,19,0,0,0,0,0,118,118
Manipur,14,Noney,714,Nungba,2376,Oktan,Haochong,141604095,795146,,HAOCHONG HIGH SCHOOL,14160409501,Pri. Upper Pri. and Secondary Only,Co. Educational,Department of Education,1946,93.689619,24.88106,Operational,Rural,1,10,State Board,,0,7,11,21,0,19,11,12,20,13,15,11,42,68,63,0,0,274,274
Jharkhand,20,Dumka,326,Sikaripara,3107,Upg. M.S Hasapather,Saharpur-1,201110224,816103,,UPG P.S.DADIPARA SAHARPUR,20111022402,Primary,Co. Educational,Department of Education,2003,87.586428,24.179806,Operational,Rural,1,5,,,0,3,0,1,0,24,11,18,10,12,0,0,0,0,0,0,0,75,75
Madhya Pradesh,23,Dindori,404,Shahpura,3835,Govt.Hss Bargaon(23411612810),Bargaon,234116128,481990,,GOVT.HSS BARGAON,23411612810,Secondary with Higher Secondary,Co. Educational,Tribal Welfare Department,1990,80.750225,23.146138,Operational,Rural,9,12,State Board,State Board,0,11,4,8,0,0,0,0,0,0,0,0,0,108,78,101,79,366,366
Gujarat,24,Navsari,453,Chikhali,4179,Samroli,Vankal,242401085,396325,,SHRI SADGURU R.M.M VIDHYALAY VANKAL,24240108506,Secondary with Higher Secondary,Co. Educational,Government Aided,1970,73.026164,20.759986,Operational,Rural,9,12,State Board,State Board,1,9,9,14,0,0,0,0,0,0,0,0,0,84,106,48,73,311,311
Uttar Pradesh,9,Agra,118,,None,Rohta,Itaura,91504030,,,GURUKUL PUBLIC SCHOOL SAROJ VIHAR COLONY  ITORA AGRA,9150403006,Primary with Upper Primary,Co. Educational,Private Unaided (Recognized),2017,77.9796,27.0957,Operational,Rural,1,8,,,0,11,11,10,0,29,25,25,30,39,37,29,33,0,0,0,0,247,247
Maharashtra,27,Sangli,493,,None,Ashta,Ashta (M Cl) Ward No.-0004,273509115,416301,Ashta (M Cl) WARD NO.-0004,MOHAMMDIYA ANGLO URDU HIGH.,27350911509,Upper Pri. and Secondary,Co. Educational,Government Aided,1985,74.397131,16.951535,Operational,Urban,8,10,State Board,,0,3,6,5,0,0,0,0,0,0,0,0,21,28,17,0,0,66,66
Madhya Pradesh,23,Anuppur,390,,None,Hs Girls Benibari,Dubsara,234711167,484224,,PS DUBSARA,23471116701,Primary,Co. Educational,Tribal Welfare Department,1978,81.340078,22.887467,Operational,Rural,1,5,,,0,4,0,3,0,3,12,9,9,5,0,0,0,0,0,0,0,38,38
Uttar Pradesh,9,Meerut,169,,None,Mawana Nagar,Ward 7,90714007,250401,,BAL BHARITI PUBLIC SCHOOL,9071400701,Primary,Co. Educational,Private Unaided (Recognized),1994,77.92086,29.09816,Operational,Rural,1,5,,,0,7,0,7,0,54,97,85,94,68,0,0,0,0,0,0,0,398,398
Telangana,36,Ranga Reddy,518,Ibrahimpatnam,5518,Zphs Raipole,Polkampalle,362309009,,,MPPS POLKAMPALLY,36230900902,Primary,Co. Educational,Local body,1970,78.70697,17.223121,Operational,Rural,1,5,,,0,5,1,4,0,6,11,20,18,24,0,0,0,0,0,0,0,79,79
Odisha,21,Kandhamal,359,Chakapad,3423,Pasara Ps,Nandini,212102117,,,GOVT. PS  PAKHALKHIA,21210211702,Primary,Co. Educational,Department of Education,2009,84.434692,20.304054,Operational,Rural,1,5,,,0,2,1,2,0,8,10,3,9,6,0,0,0,0,0,0,0,36,36
Kerala,32,Kottayam,560,,None,Kallara,Kallara,321009004,686611,,ST SAVIOUS LPS PARAVANTHURUTHU,32100900404,Primary,Co. Educational,Government Aided,1957,76.477661,9.700371,Operational,Rural,0,4,,,0,4,1,1,0,2,6,2,5,0,0,0,0,0,0,0,0,15,15
Telangana,36,Bhadradri,None,Palvancha,None,Zphs Palvoncha,Palvoncha Ward-4,360918904,,Palvoncha Ward-4,MPPS KOMMUGUDEM,36091890401,Primary,Co. Educational,Local body,1964,80.69147,17.596046,Operational,Urban,1,5,,,0,2,2,5,0,16,18,28,22,24,0,0,0,0,0,0,0,108,108
Rajasthan,8,Barmer,90,Panyla Kla,7472,Peeo1818- Ggss Sada (220807),Bhatala,81705155,344033,,SKS BHERA RAM NEHARA KI DHANI,8170515504,Primary,Co. Educational,Department of Education,2002,71.806916,25.406046,Operational,Rural,1,5,,,0,2,0,2,0,10,3,6,2,0,0,0,0,0,0,0,0,21,21
Maharashtra,27,Sindhudurg,495,Sawantwadi,4575,Madkhol No.1,Karivade,273306033,416510,,ZPPS KARIVADE NO. 1,27330603301,Primary with Upper Primary,Co. Educational,Local body,1922,73.87248,15.914002,Operational,Rural,1,7,,,0,8,8,4,0,3,3,6,4,5,15,13,0,0,0,0,0,49,49
Assam,18,Bongaigaon,281,Boitamari,2501,Ashok Kagajkal,181 No. Koreya Pahar,180401024,783382,,KOREYA PAHAR MADHYA LPS,18040102401,Primary,Co. Educational,Department of Education,2009,90.591167,26.469733,Operational,Rural,1,5,,,0,2,0,6,0,45,51,52,34,47,0,0,0,0,0,0,0,229,229
Rajasthan,8,Jaipur,102,Jamwa Ramgarh,689,Peeo5161- Gsss Jamwa Ramgarh Jaipur (218653),Jamawa Ramgarh,81207080,302028,,GOVT PS SHEK KE DHANI (J. RAMGARH),8120708007,Primary,Co. Educational,Local body,1999,76.026249,27.01632,Operational,Rural,1,5,,,0,2,1,2,0,3,5,2,2,6,0,0,0,0,0,0,0,18,18
Rajasthan,8,Banswara,88,,None,Peeo929- Gsss Dhalar (223936),Bhandara,82811007,327601,,G.P.S.  BHANDARA,8281100701,Primary,Co. Educational,Local body,1985,74.186921,23.279382,Operational,Rural,1,5,,,0,3,1,3,0,13,22,19,24,16,0,0,0,0,0,0,0,94,94
West Bengal,19,Hooghly,312,,None,Mogra,Saptagram-Xi,191215122,,,CHAKBANSBERIA URDU SCHOOL,19121512204,Primary,Co. Educational,Department of Education,1984,88.39205,22.96088,Operational,Rural,1,4,,,0,5,0,4,41,50,63,50,61,0,0,0,0,0,0,0,0,224,265
Telangana,36,Bhadradri,None,Dammapeta,None,Zphs Malkaram,Peddagollagudem,360922006,,,TW ASHRAM HS GIRLS DURGAMGOLLAGUDEM,36092200606,Upper Pri. and Secondary,Co. Educational,Tribal Welfare Department,1974,81.022629,17.325405,Operational,Rural,6,10,State Board,,0,16,10,25,0,0,0,0,0,0,35,53,72,94,127,0,0,381,381
Rajasthan,8,Bikaner,93,Bikaner,631,Peeo2612- Gsss Barsinghsar (211186),Basi,80301029,334402,,JIVAN JYOTI SHIKSHAN SANSTHAN,8030102903,Primary with Upper Primary,Co. Educational,Private Unaided (Recognized),2008,73.193196,27.816689,Operational,Rural,0,8,,,0,5,1,5,0,0,20,26,17,23,25,18,9,0,0,0,0,138,138
Karnataka,29,Gadag,537,,None,Betgeri No 2,Ward No 5,290801005,,WARD NO 5,SHARANA BASVESHWAR HPS BETAGERI,29080100510,Primary with Upper Primary,Co. Educational,Private Unaided (Recognized),2003,75.652,15.443,Operational,Urban,1,8,,,0,9,0,7,0,31,48,28,30,32,41,26,0,0,0,0,0,236,236
Madhya Pradesh,23,Mandla,415,Mandla,3903,Hss Sagar (23420104106),Silpuri,234201022,481661,,PS(EGS) SHIKARI TOLA (SILPURI),23420102203,Primary,Co. Educational,Tribal Welfare Department,1998,80.428781,22.713563,Operational,Rural,1,5,,,0,3,0,2,0,7,7,6,4,4,0,0,0,0,0,0,0,28,28
Telangana,36,Rajanna,None,Konaraopeta,None,Zphs Dharmaram,Ramannapet,361407015,,,MPPS RAMANNAPET,36140701501,Primary,Co. Educational,Local body,1962,78.793469,18.441542,Operational,Rural,1,5,,,0,3,1,1,0,6,10,21,10,6,0,0,0,0,0,0,0,53,53
Uttar Pradesh,9,Allahabad,None,Kaudihar Ii,None,Pura Mukti,Pura Mufti,94514007,212208,,PS BIHAKA,9451400708,Primary,Co. Educational,Department of Education,2012,81.6768,25.49021,Operational,Rural,1,5,,,0,4,0,4,0,22,27,26,30,18,0,0,0,0,0,0,0,123,123
Bihar,10,Purnia,214,,None,A M S Rupouli,Jhalari,100908043,854204,,P S MUSAHARI TOL JHALARI,10090804302,Primary,Co. Educational,Department of Education,2007,87.1176,25.5946,Operational,Rural,1,5,,,0,3,0,3,0,54,46,32,30,32,0,0,0,0,0,0,0,194,194
Punjab,3,Nawanshahr,None,Nawanshahar-1,None,Gps Mohalla Pathkan,Nawan Shahr (Ward 1),30604117,,NAWAN SHAHR (WARD 1),DR. ASA NAND PUBLIC SCHOOL NAWANSHAHR,3060411703,Pri. with Upper Pri. Sec. and H.Sec.,Co. Educational,Private Unaided (Recognized),1956,76.11565,31.117848,Operational,Urban,1,12,State Board,State Board,4,35,10,46,110,91,86,87,78,84,71,83,75,106,100,166,260,1287,1397
Karnataka,29,Vijayapura,530,,None,Ubmps No 01 Dawalat Koti,Bijapur Ward No 1,290314001,,BIJAPUR WARD NO 1,GOVT URDU HPS NO 19 VIJAYAPURA,29031401905,Primary with Upper Primary,Co. Educational,Department of Education,1994,75.714434,16.836003,Operational,Urban,1,7,,,0,5,0,7,0,3,7,6,14,14,47,42,0,0,0,0,0,133,133
Uttar Pradesh,9,Balrampur,127,,None,Nagai,Nagai,95223038,223223,,COMPOSITE SCHOOL NAGAI,9522303802,Primary with Upper Primary,Co. Educational,Department of Education,1979,82.446548,27.554843,Operational,Rural,1,8,,,0,10,1,7,0,32,15,21,17,25,33,27,18,0,0,0,0,188,188
Bihar,10,Saharsa,216,Mahishi,2031,Ms Samani,Ghonghepur,101203048,852216,,MS GHONGHEPUR,10120304801,Primary with Upper Primary,Co. Educational,Department of Education,1959,86.374,25.8513,Operational,Rural,1,8,,,0,12,0,12,0,84,113,126,48,37,92,69,63,0,0,0,0,632,632
Jharkhand,20,Chatra,323,Kanhachatti,6690,Upg.M.S.Rajpur,Kanhachatti,200312017,825401,,B.K.HIGH SCHOOL KANHACHATTI,20031201701,Secondary with Higher Secondary,Co. Educational,Department of Education,1958,85.008083,24.289972,Operational,Rural,9,12,State Board,State Board,1,14,4,12,0,0,0,0,0,0,0,0,0,345,274,168,142,929,929
Uttar Pradesh,9,Barabanki,129,,None,Amoli Kalan,Amauli Kirat Pur,94615069,225205,,P.S.PUREBHAGAI,9461506902,Primary,Co. Educational,Department of Education,2012,81.33384,27.076772,Operational,Rural,1,5,,,0,2,0,2,0,31,28,31,19,17,0,0,0,0,0,0,0,126,126
Bihar,10,Rohtas,215,Bikramganj,2011,M.S.Nonhar,Nonhar,103210074,802212,,UHS NONHAR,10321007402,Pri. with Upper Pri. Sec. and H.Sec.,Co. Educational,Department of Education,1949,84.226,25.2307,Operational,Rural,1,12,State Board,Others,0,23,0,11,0,53,60,60,40,75,134,169,177,122,128,0,0,1018,1018
Mizoram,15,Lawngtlai,264,,None,Crc Bungtlang,Diltlang,150701003,796891,,DILTLANG P/S-II (LOCAL BODY),15070100303,Primary,Co. Educational,Local body,1984,92.725073,22.488396,Operational,Rural,1,4,,,0,4,1,4,0,15,12,10,10,0,0,0,0,0,0,0,0,47,47
Punjab,3,Ludhiana,36,,None,Gps Jawahar Nagar Girls,Ward No 48 Ldh-1,30905088,,WARD NO.69 LDH-1,BLOSSOM ENGLISH SEN SEC SCHOOL,3090508805,Pri. with Upper Pri. Sec. and H.Sec.,Co. Educational,Private Unaided (Recognized),1965,75.835633,30.889877,Operational,Urban,1,12,State Board,State Board,1,19,5,14,33,29,27,28,28,34,31,18,20,37,28,25,22,327,360
Karnataka,29,Dakshina Kannada,534,,None,Padmanuru,Kavathar,292403048,,,DKZP GOVT. LOWER PRIMARY SCHOOL KAVATHAR,29240304801,Primary,Co. Educational,Department of Education,1912,74.821944,13.108333,Operational,Rural,1,5,,,0,5,0,2,0,1,4,3,4,3,0,0,0,0,0,0,0,15,15
Assam,18,Kamrup Metro,618,,None,Mazirgaon,Kendukuchi,182711069,781017,KENDUKUCHI,1141 KENDUKUCHI BHATTAPARA LPS,18271106902,Primary,Co. Educational,Department of Education,1949,91.594167,26.137917,Operational,Urban,0,5,,,0,5,1,4,8,12,8,17,16,17,0,0,0,0,0,0,0,70,78
Madhya Pradesh,23,Sagar,425,Rehli,3971,Ghss Baleh (23111118809),Mohli,231111116,470442,,GOVT HS MOHLI (REHLI),23111111607,Secondary Only,Co. Educational,Department of Education,2010,79.224357,23.533304,Operational,Rural,9,10,State Board,,0,2,2,2,0,0,0,0,0,0,0,0,0,68,56,0,0,124,124
Madhya Pradesh,23,Ujjain,435,Tarana,4037,Hss Kachnariya,Rachi Khedi,232105096,456668,,P.S.RANCHI KHEDI,23210509601,Primary,Co. Educational,Department of Education,1997,75.994484,23.390613,Operational,Rural,1,5,,,0,3,1,2,0,6,7,4,2,6,0,0,0,0,0,0,0,25,25
Rajasthan,8,Sirohi,115,Abu Road,781,Peeo8984- Gsss Siyawa (213883),Siyava,81902021,307026,,G.P.S. CHATRAFALI SIYAVA,8190202104,Primary,Co. Educational,Local body,2002,72.763309,24.418336,Operational,Rural,1,5,,,0,4,0,2,0,28,23,27,24,22,0,0,0,0,0,0,0,124,124
Andhra Pradesh,28,Krishna,510,,None,Zphs Annavaram,Annavaram,281623004,,ANNAVARAM,MPPS ANNAVARAM SW,28162300401,Primary,Co. Educational,Local body,1936,80.8509,16.798,Operational,Urban,1,5,,,0,5,0,4,0,22,18,15,26,12,0,0,0,0,0,0,0,93,93
West Bengal,19,Paschim Bardhaman,704,,None,Ramkrishna F.P. School,Amc Ward/46,192610046,,AMC WARD/46,HAMDARD F.P. SCHOOL,19261004612,Primary,Co. Educational,Department of Education,1973,86.97075,23.67735,Operational,Urban,1,4,,,0,4,1,3,17,12,15,8,5,0,0,0,0,0,0,0,0,40,57
Jharkhand,20,Palamu,338,Nawdiha Bazar,6646,Upg Rajkiyekrit Hs Nawdiha Bazar,Nawatarh Tarhi Par,200207172,822113,,UPG MS NAWATARH TARHI PAR,20020717201,Primary with Upper Primary,Co. Educational,Department of Education,2002,84.289333,24.375889,Operational,Rural,1,8,,,0,8,8,3,0,22,12,11,11,13,17,10,25,0,0,0,0,121,121
Odisha,21,Ganjam,354,Patrapur,3379,Baranga,Kesaripada,211916137,,,KESARIPADA N.U.P.S.,21191613701,Primary with Upper Primary,Co. Educational,Department of Education,1962,84.551116,19.076114,Operational,Rural,1,8,,,0,6,0,7,0,10,7,7,9,9,31,16,25,0,0,0,0,114,114
Uttar Pradesh,9,Moradabad,171,,None,Hathi Pur Chittu,Qutbpur Ajju,90407165,244301,,CITY CONVENT SCHOOL GURER,9040707806,Primary with Upper Primary,Co. Educational,Private Unaided (Recognized),2017,78.71449,28.71877,Operational,Rural,1,8,,,0,13,1,17,119,64,65,51,50,48,74,69,27,0,0,0,0,448,567
Karnataka,29,Mysuru,545,,None,Yadadore,Yadadore,292611043,,,GHPS  YADADORE,29261104301,Primary with Upper Primary,Co. Educational,Department of Education,1950,76.881389,12.245833,Operational,Rural,1,7,,,0,10,0,6,0,30,21,27,10,26,36,29,0,0,0,0,0,179,179
Uttar Pradesh,9,Amethi - Csm Nagar,None,Bhadar,None,Tikarmafi,Ghamhu Ka Purwa,97327070,227413,,PS GHAMAHU,9732707001,Primary,Co. Educational,Department of Education,2013,81.8615,26.9512,Operational,Rural,1,5,,,0,2,0,3,0,10,17,14,10,9,0,0,0,0,0,0,0,60,60
Uttar Pradesh,9,Ambedkar Nagar,121,Baskhari,851,Basahiya,Motigarpur,94802025,224129,,P S MOTIGARPUR,9480202501,Primary,Co. Educational,Department of Education,1995,82.767997,26.464396,Operational,Rural,1,5,,,0,5,0,6,0,11,15,32,26,26,0,0,0,0,0,0,0,110,110
Andhra Pradesh,28,Visakhapatanam,520,,None,Govths Kotauratla,Gottivada,281337020,,,MPPS KOTHAGOTTIVADA,28133702001,Primary,Co. Educational,Local body,1982,82.6846,17.5634,Operational,Rural,1,5,,,0,2,0,2,0,6,7,14,13,14,0,0,0,0,0,0,0,54,54
Bihar,10,Purbi Champaran,213,Chiraiya,1975,Gms Semra,Mirpur,100207043,845415,,GMS MIRPUR,10020704301,Primary with Upper Primary,Co. Educational,Department of Education,1956,85.0871,26.6955,Operational,Rural,1,8,,,0,10,10,14,0,99,110,83,49,88,202,196,176,0,0,0,0,1003,1003
Maharashtra,27,Wardha,498,Wardha,4611,Wardha,Krushnnagar Ward No. 29,270808184,442001,KRUSHNNAGAR WARD NO. 29,MAHARISHI VIDYA MANDIR SCHOOL  WARDHA,27080818401,Primary with Upper Primary,Co. Educational,Private Unaided (Recognized),1999,78.594165,20.735914,Operational,Urban,1,8,,,0,11,11,11,0,15,23,30,37,16,19,15,22,0,0,0,0,177,177
Uttar Pradesh,9,Ghazipur,146,,None,Diliya,Mahrajganj,96503029,,,SUNBEAM SCHOOL,9650302908,Pri. with Upper Pri. Sec. and H.Sec.,Co. Educational,Private Unaided (Recognized),2011,83.519514,25.578359,Operational,Rural,1,12,CBSE,CBSE,69,48,8,59,51,37,52,64,82,88,102,129,151,161,203,175,218,1462,1513
Haryana,6,Gurugram,62,Gurgaon,477,Gsss Kasan,Manesar,61801080,122051,,"KENDRIYA VIDYALAYA NSG MANESAR, GURGAON",6180108015,Pri. with Upper Pri. Sec. and H.Sec.,Co. Educational,Kendriya Vidyalaya,1992,76.9428,28.3515,Operational,Rural,1,12,CBSE,CBSE,1,43,43,54,0,162,151,154,157,157,156,148,113,109,115,101,76,1599,1599
Assam,18,Dima Hasao,299,,None,Langting Bazar,Langting Kalibari,182006224,788832,,LANGTING KALIBARI LPS,18200622401,Primary,Co. Educational,Department of Education,1991,93.1129,25.4943,Operational,Rural,1,5,,,0,6,0,6,17,27,24,20,28,22,0,0,0,0,0,0,0,121,138
Tamil Nadu,33,Vellore,595,K.V.Kuppam,6439,Senji,Arumbakkam,330414041,,,"KALVIULAGAM AHS , ARUMBAKKAM MOTTUR",33041404104,Upper Pri. and Secondary,Co. Educational,Government Aided,1991,79.0766,12.98548,Operational,Rural,6,10,State Board,,1,5,5,5,0,0,0,0,0,0,57,51,52,63,69,0,0,292,292
West Bengal,19,Purba Bardhaman,306,Memari-Ii,2818,Barari Dihapalason Saptap,Barapalason-Ii/Ii,192517103,,,BARARI-DIHIPALASHON S.P SIKSHA NIKETAN,19251710302,Upper Pri. and Secondary,Co. Educational,Department of Education,1970,88.09436,23.2948,Operational,Rural,5,10,State Board,,15,6,4,15,0,0,0,0,0,37,41,41,35,21,46,0,0,221,221
Madhya Pradesh,23,Shajapur,430,Shajapur,4005,Hss Ranthbhanwar,Palasi Son,232206026,465110,,NEW M.S. PALASISON,23220602602,Upper Primary only,Co. Educational,Department of Education,2003,76.373203,23.265222,Operational,Rural,6,8,,,0,3,0,3,0,0,0,0,0,0,3,14,10,0,0,0,0,27,27
West Bengal,19,Purba Medinipur,None,Nandakumar,None,Mahisadal West ,Byabattarhat Ps. - Ix,191906020,,,PURUSOTTAMPUR PRY.SCHOOL,19190602001,Primary,Co. Educational,Department of Education,1948,87.90876,22.23708,Operational,Rural,1,4,,,0,2,1,3,9,6,16,13,15,0,0,0,0,0,0,0,0,50,59
Andhra Pradesh,28,Guntur,506,Kakumanu,4940,Zphs Kakumanu,Kommuru,281747007,,,MPPS KOMMURU,28174700704,Primary,Co. Educational,Local body,1899,80.4801,16.1541,Operational,Rural,1,5,,,0,2,0,2,0,4,7,10,2,8,0,0,0,0,0,0,0,31,31
Rajasthan,8,Bharatpur,91,Bayana,611,Peeo1895- Gsss Thanadang (217393),Ghuneni,80708146,321401,,GOVT UPS GHUNENI,8070814606,Primary with Upper Primary,Co. Educational,Department of Education,1978,77.29504,26.839802,Operational,Rural,1,8,,,0,5,0,5,0,16,16,12,13,11,22,22,20,0,0,0,0,132,132
Rajasthan,8,Jaipur,102,Sanganer,694,Peeo5358- Gsss Dantli (218238),Datlee,81212131,303012,,GOVT. SEN. SEC. SCHOOL DATLEE,8121213101,Pri. with Upper Pri. Sec. and H.Sec.,Co. Educational,Department of Education,1950,75.902287,26.818633,Operational,Rural,1,12,State Board,State Board,1,12,6,15,0,3,9,15,17,11,10,14,11,12,25,37,17,181,181
Gujarat,24,Gandhinagar,446,Gandhinagar,4119,Tintoda,Krushnanagar Up,240602056,382422,,KRUSHNANAGAR UP PRI. SCHOOL,24060205601,Primary,Co. Educational,Local body,1999,72.5669,23.239882,Operational,Rural,1,5,,,0,2,0,2,0,3,7,9,9,4,0,0,0,0,0,0,0,32,32
West Bengal,19,Purba Medinipur,None,Moyna,None,Moyna ,Naichanpur - I / Iv,191901127,,,SHYAMPUR PRY. SCHOOL,19190112703,Primary,Co. Educational,Department of Education,1955,87.78799,22.20265,Operational,Rural,1,5,,,0,4,0,5,14,23,31,33,24,0,0,0,0,0,0,0,0,111,125
Rajasthan,8,Churu,96,Ratangarh,656,Uceeo9995- Ggsss Ratangarh (215605),Np Rtngrh_W N 31,80406152,331022,NP_RATANGARH - Ward No.- 31,GSS PRAKASH RATANGARH,8040615202,Pri. Upper Pri. and Secondary Only,Co. Educational,Department of Education,1973,74.613769,28.083524,Operational,Urban,1,10,State Board,,0,7,4,13,0,20,14,27,28,26,26,32,41,65,76,0,0,355,355
Rajasthan,8,Ajmer,86,,None,Peeo22- Gsss Bandanwara (221769),Badanvada,82107039,305621,,SIDDHARTH INTERNATIONAL SEC SCH. BANDANWARA,8210703910,Pri. with Upper Pri. Sec. and H.Sec.,Co. Educational,Private Unaided (Recognized),2007,74.69181,26.126035,Operational,Rural,0,12,State Board,Others,0,24,4,13,108,66,53,57,55,43,45,34,29,29,21,0,0,432,540
Maharashtra,27,Palghar,665,Jawhar,4592,Kelghar,Nyahale (K.),273604040,401603,,"Z.P.SCHOOL, TALYACHAPADA",27360404006,Primary,Co. Educational,Local body,1993,73.276848,19.912435,Operational,Rural,1,5,,,0,2,0,1,0,2,4,3,4,1,0,0,0,0,0,0,0,14,14
Madhya Pradesh,23,Rewa,424,Teonthar,3962,Hss Girls Teonthar,Kuthila,231406060,486223,,PS TADHAR TOLA KUTHILA,23140606007,Primary,Co. Educational,Department of Education,2002,81.599681,24.961426,Operational,Rural,1,5,,,0,3,0,2,0,5,5,6,1,4,0,0,0,0,0,0,0,21,21
Uttar Pradesh,9,Kheri,159,Pasgawan,1306,Baikuvan,Semra Ghat,92314001,261505,,UPS SEMRA GHAT,9231400102,Upper Primary only,Co. Educational,Department of Education,2008,80.179098,27.486282,Operational,Rural,6,8,,,0,4,0,1,0,0,0,0,0,0,16,32,23,0,0,0,0,71,71
Maharashtra,27,Gondia,476,Amgaon,4383,Amgaon,Risama,271102003,441902,RISAMA,PARASMAL SETHIYA CONVENT RISAMA,27110200302,Primary with Upper Primary,Co. Educational,Private Unaided (Recognized),1994,80.378858,21.363097,Operational,Urban,1,7,,,4,8,3,10,0,27,45,56,41,26,50,46,0,0,0,0,0,291,291
Bihar,10,Siwan,222,Lakri Nabiganj,2117,U.M.S Dumara,Dumra,101616005,841416,,N.P.S.DUMRA DUSADH TOLA,10161600503,Primary,Co. Educational,Department of Education,2006,84.6474,26.2589,Operational,Rural,1,5,,,0,3,0,5,0,20,40,17,32,23,0,0,0,0,0,0,0,132,132
Punjab,3,Moga,38,,None,Gps Amin Wala,Amin Wala,31002001,,,GHS AMIN WALA,3100200102,Upper Pri. and Secondary,Co. Educational,Department of Education,1969,75.256195,31.000876,Operational,Rural,6,10,State Board,,0,8,5,11,0,0,0,0,0,0,64,70,45,73,113,0,0,365,365
Chhattisgarh,22,Surguja,389,Lundra,3723,Nagam,Banspara,220205079,,,P.S. BANSPARA,22020507901,Primary,Co. Educational,Department of Education,1954,83.5036,23.1072,Operational,Rural,1,5,,,0,2,0,1,0,8,4,8,12,12,0,0,0,0,0,0,0,44,44
Uttar Pradesh,9,Hathras,163,Mursan,1339,Pharsauti,Baguli,91304102,204215,,COMPOSITE SCHOOL BAGULI,9130410201,Primary with Upper Primary,Co. Educational,Department of Education,1960,77.956415,27.608569,Operational,Rural,1,8,,,0,8,0,5,0,10,12,21,12,15,7,7,8,0,0,0,0,92,92
Rajasthan,8,Jaipur,102,Dudu,687,Peeo5023- Gsss Dantri (218796),Dantri,81210030,303008,,GOVT PS AMBEDKAR COLONY DANTRI,8121003002,Primary,Co. Educational,Local body,1999,75.07802,26.628521,Operational,Rural,1,5,,,0,2,2,2,0,7,16,19,8,20,0,0,0,0,0,0,0,70,70
Haryana,6,Kurukshetra,68,Pehowa,519,Gsss Kalsa,Kalsa,60402037,136128,,GSSS KALSA,6040203705,Upper Pri. Secondary and Higher Sec,Co. Educational,Department of Education,1961,76.534167,30.061389,Operational,Rural,6,12,State Board,State Board,1,7,3,18,0,0,0,0,0,0,33,40,36,85,55,49,40,338,338
Gujarat,24,Banas Kantha,441,Palanpur,4087,Sadarpur,Palanpur-2,240209169,385001,PALANPUR-2,EXOTICA JUNIOR SCIENCE COLLEGE,24020916904,Higher Secondary only/Jr. College,Co. Educational,Private Unaided (Recognized),2011,72.456645,24.176578,Operational,Urban,11,12,,State Board,6,3,6,4,0,0,0,0,0,0,0,0,0,0,0,5,9,14,14
Bihar,10,Aurangabad (Bihar),None,Aurangabad,None,M.S Dosma,Miyanpur,103403190,,,N.P.S MIYANPUR,10340319001,Primary,Co. Educational,Department of Education,2008,84.728944,25.04527,Operational,Rural,1,5,,,0,2,2,2,0,14,14,16,22,20,0,0,0,0,0,0,0,86,86
Odisha,21,Ganjam,354,Beguniapada,3365,Nuagada,Malabelapada,211902103,,,MALA BELLAPADA PROJECT PS,21190210301,Primary,Co. Educational,Department of Education,2004,85.04514,19.79383,Operational,Rural,1,5,,,0,4,0,2,0,20,14,15,7,11,0,0,0,0,0,0,0,67,67
Jharkhand,20,Garhwa,328,Meral,3126,Govt. Ms Arangi,Bankheta,200105061,822114,,GOVT PS BANKHETA,20010506101,Primary,Co. Educational,Department of Education,1980,83.744017,24.186572,Operational,Rural,1,5,,,0,2,0,3,0,15,12,19,15,17,0,0,0,0,0,0,0,78,78
Bihar,10,Muzaffarpur,208,Kanti,1882,M.S Haridaspur,Manpura Kanti,101406014,843109,,P.S.MANPURA,10140601401,Primary,Co. Educational,Department of Education,1954,85.2672,26.1788,Operational,Rural,1,5,,,0,5,0,2,0,11,23,22,22,12,0,0,0,0,0,0,0,90,90
Andhra Pradesh,28,Chittoor,503,,None,Zphs Racha Palem,Puttur,282344909,,PUTTUR,MPPS  BOJJA NATHAM,28234490950,Primary,Co. Educational,Local body,1997,79.5412,13.4458,Operational,Urban,1,5,,,0,2,0,1,0,4,7,5,5,10,0,0,0,0,0,0,0,31,31
Uttar Pradesh,9,Kheri,159,Lakhimpur,1300,Gopalapur,Gopalapur,92306081,,,SHRI RAM CHANDRA SUMITRA DEVI CONVENT SCHOOL CHAK VISHUNUPUR,9230608107,Upper Primary only,Co. Educational,Private Unaided (Recognized),2019,80.814,27.877407,Operational,Rural,6,8,,,14,8,2,6,0,0,0,0,0,0,38,29,38,0,0,0,0,105,105
Chhattisgarh,22,Kawardha,None,Bodla,None,Palak,Bairakh,220801014,,,ADIVASHI  BALAK ASHRAM BAIRAKH,22080101403,Primary,Co. Educational,Department of Education,2007,81.1508,22.1944,Operational,Rural,1,5,,,0,4,9,6,0,5,15,16,18,21,0,0,0,0,0,0,0,75,75
Assam,18,Hojai,709,Jugijan,2662,Barafuti,Pub Jugijan,183003018,782428,,PUB  JUGIGAN ME SCHOOL,18300301805,Upper Primary only,Co. Educational,Government Aided,1986,92.772467,26.0813,Operational,Rural,6,8,,,0,5,0,6,0,0,0,0,0,0,51,46,45,0,0,0,0,142,142
Gujarat,24,Tapi,641,Vyara,4246,Unchamala,Khod Tadav,242614009,394651,,KHOD TADAV PRIMARY SCHOOL,24261400901,Primary with Upper Primary,Co. Educational,Local body,1954,73.416681,21.225331,Operational,Rural,1,8,,,0,8,4,7,0,28,19,33,25,24,29,14,21,0,0,0,0,193,193
Madhya Pradesh,23,Satna,426,Sohawal,3980,Ghs Bhumkahar,Bara Tala,231307111,485001,,ANUPAMA IRIS INTERNATIONAL BARAKALA,23130711109,Primary with Upper Primary,Co. Educational,Private Unaided (Recognized),2019,80.210409,24.773737,Operational,Rural,1,8,,,10,11,6,10,3,7,3,1,6,9,6,4,0,0,0,0,0,36,39
Uttar Pradesh,9,Varanasi,187,Kashi Vidyapeeth,1621,Amarakhaira Chak,Sadalpur,96701047,221106,,SHREE MAD BHAGWATGITA EDUCATIONAL J H SCHOOL SADALPUR KANDAWA,9670104703,Primary with Upper Primary,Co. Educational,Private Unaided (Recognized),2015,82.92969,25.25816,Operational,Rural,1,8,,,0,11,0,10,7,48,26,37,24,16,15,10,5,0,0,0,0,181,188
Bihar,10,Banka,190,Katoria,1652,U.M.S. Kathon,Katoria,102301021,813106,,HIGH SCHOOL KATORIYA,10230102105,Secondary with Higher Secondary,Co. Educational,Department of Education,1948,86.72547,24.74457,Operational,Rural,9,12,State Board,State Board,0,10,5,17,0,0,0,0,0,0,0,0,0,435,732,486,452,2105,2105
Maharashtra,27,Jalgaon,478,Amalner,4396,Amalner,Amalner Ward No. 9,270301160,425401,AMALNER WARD NO. 9,SANE GURUJI NUTAN MIC SCH. AMALNER,27030116012,Upper Pri. and Secondary,Boys Only,Government Aided,1991,75.055483,21.03982,Operational,Urban,8,10,State Board,,0,12,7,15,0,0,0,0,0,0,0,0,224,246,219,0,0,689,689
West Bengal,19,Alipurduar,664,Falakata,2922,Deogaon High School(H.S),Deogaon - Ix,192204043,,,PURBA JHAR BELTALI SSK,19220404302,Primary,Co. Educational,Department of Education,1999,89.1833,26.5868,Operational,Rural,1,4,,,0,2,0,3,8,15,15,18,14,0,0,0,0,0,0,0,0,62,70
Karnataka,29,Dharwad,536,,None,Bairidevarakoppa,Ward No. 25,290902054,,WARD NO. 25,BRAHMAGIRI HPS EKTHANAGAR UNKAL,29090205424,Primary with Upper Primary,Co. Educational,Private Unaided (Recognized),2004,75.106,15.387,Operational,Urban,1,7,,,0,8,8,10,17,17,9,14,8,11,10,14,0,0,0,0,0,83,100
Madhya Pradesh,23,Shahdol,429,Gohparu,3997,Hss Barmaniya,Silpari,231604088,484770,,PS DAGDOUEA TOLA,23160408802,Primary,Co. Educational,Tribal Welfare Department,1997,81.419975,23.441481,Operational,Rural,1,5,,,0,3,0,2,0,1,2,1,3,1,0,0,0,0,0,0,0,8,8
Madhya Pradesh,23,Seoni,428,Keolari,3991,Hss Boys Keolari,Dobh,234403155,480994,,UP GMS DOBH,23440315503,Primary with Upper Primary,Co. Educational,Department of Education,2003,79.930923,22.394977,Operational,Rural,1,8,,,0,6,2,6,0,8,7,5,15,9,22,22,20,0,0,0,0,108,108
Tamil Nadu,33,Namakkal,580,Vennandur,6253,O.Sowthapuram,Akkaraipatti,330908009,,, AIDED THOTTIAPATTI(MMAP),33090800903,Primary,Co. Educational,Government Aided,1936,78.07622,11.45052,Operational,Rural,1,5,,,0,2,0,2,0,4,14,8,10,9,0,0,0,0,0,0,0,45,45
Gujarat,24,Valsad,462,Valsad,4273,Atgam,Dhanori,242501064,396045,,SARVJANIK MADHYANIK SHALA DHANORI,24250106404,Secondary Only,Co. Educational,Government Aided,1979,73.011794,20.653569,Operational,Rural,9,10,State Board,,0,2,5,4,0,0,0,0,0,0,0,0,0,19,27,0,0,46,46
Maharashtra,27,Ahmednagar,466,Rahata,4285,Loni,Loni Khurd,272610038,413713,,Z.P.P.SCHOOL KOKANEWASTI,27261003812,Primary,Co. Educational,Local body,2010,74.459637,19.591944,Operational,Rural,1,4,,,0,3,0,3,0,16,20,16,15,0,0,0,0,0,0,0,0,67,67
Jharkhand,20,Dhanbad,325,Govindpur,3093,Ms Udaypur,Udaypur,201208060,826004,,UPG PS DULITAND,20120806002,Primary,Co. Educational,Department of Education,2006,86.384167,23.860556,Operational,Rural,1,5,,,0,2,2,1,0,3,4,5,6,7,0,0,0,0,0,0,0,25,25
Uttar Pradesh,9,Ghazipur,146,Zamania,1152,Tiyari,Dewaitha,96511030,232326,,MADARSA GARIB NAWAJ DEWAITHA,9651103008,Primary,Co. Educational,Madarsa recognized (by Wakf board/Madarsa Board),2014,83.644132,25.369651,Operational,Rural,1,5,,,0,5,0,5,0,8,9,4,4,2,0,0,0,0,0,0,0,27,27
Uttar Pradesh,9,Jalaun,151,,None,Ta Orai,Ward No.-16,93513019,285001,WARD NO.-16,D.R.P. ACADEMY PATEL NAGAR ORAI,9351301911,Primary,Co. Educational,Private Unaided (Recognized),2014,79.452609,25.996944,Operational,Urban,1,5,,,0,2,2,1,0,10,7,8,13,7,0,0,0,0,0,0,0,45,45
Maharashtra,27,Nagpur,484,Ramtek,4454,Nagardhan,Udapur,270906137,441106,,"Z.P. PS, UDAPUR",27090613701,Primary,Co. Educational,Local body,1981,79.333688,21.362788,Operational,Rural,1,4,,,0,2,0,1,0,2,1,2,1,0,0,0,0,0,0,0,0,6,6
Maharashtra,27,Akola,467,Telhara,4297,Zp Cls  Khandala,Zari Bzr.,270507028,444103,,ZPPS ZARI BZR,27050702801,Primary,Co. Educational,Local body,1963,76.845913,21.180977,Operational,Rural,1,5,,,0,1,0,2,0,26,11,6,4,0,0,0,0,0,0,0,0,47,47
Jammu and Kashmir,1,Kathua,7,,None,Gps Sandhar,Sandhar,11414021,184201,,GMS SLOH,1141402102,Primary with Upper Primary,Co. Educational,Department of Education,1972,75.872422,32.580481,Operational,Rural,1,8,,,0,5,2,4,7,4,3,8,2,3,11,10,9,0,0,0,0,50,57
Uttarakhand,5,Pithoragarh,53,,None,Daula,Tildhukari,50701094,262501,TILDHUKARI,GKJHS TILDHUKARI,5070109402,Upper Primary only,Co. Educational,Department of Education,2003,80.2173,29.5832,Operational,Urban,6,8,,,0,3,3,4,0,0,0,0,0,0,23,22,8,0,0,0,0,53,53
Maharashtra,27,Satara,494,Satara,4568,Pateghar,Bhambavali,273110098,415013,,Z.P.PS. BHAMBAVALI,27311009801,Primary,Co. Educational,Local body,1964,73.804753,17.693288,Operational,Rural,1,5,,,0,1,0,1,0,0,0,0,1,1,0,0,0,0,0,0,0,2,2
Chhattisgarh,22,Bilaspur,375,,None,Beljhiriya,Dhourathi,220714113,,,GOVT. PS DHAURATHI (SSA),22071411301,Primary,Co. Educational,Department of Education,2004,82.1836,23.0183,Operational,Rural,1,5,,,0,2,0,1,0,4,8,5,6,8,0,0,0,0,0,0,0,31,31
Uttar Pradesh,9,Chandauli,135,,None,Nagar Kshetra,Nagar Palika Mugalsaray,96610011,232101,WARD NO- 9 MUGALACHAK,UPS K. MUGHALSARAI,9661001105,Upper Primary only,Girls Only,Department of Education,1947,83.1221,25.2828,Operational,Urban,6,8,,,0,4,0,2,0,0,0,0,0,0,14,34,32,0,0,0,0,80,80
West Bengal,19,Jalpaiguri,314,Dhupguri,2921,Mallikpara  Vidyaniketan  (H S),Magurmari - Ii - Vi,190203105,,,MALLIKPARA VIDYANIKETAN (XII),19020310501,Upper Pri. Secondary and Higher Sec,Co. Educational,Department of Education,1953,88.95859,26.57539,Operational,Rural,5,12,State Board,State Board,0,25,5,40,0,0,0,0,0,269,223,301,303,445,354,207,232,2334,2334
Assam,18,Karimganj,293,,None,Dargarbond-3,Dullav Cherra Station Road,182204306,788736,,NEHRU GIRL'S MVS,18220430601,Primary with Upper Primary,Co. Educational,Department of Education,1955,92.434083,24.4914,Operational,Rural,1,8,,,0,5,2,7,0,8,5,11,5,8,16,28,24,0,0,0,0,105,105
Uttarakhand,5,Dehradun,49,Sahaspur,383,Johri,Malsi,50504045,248003,,THE ARYAN SCHOOL MALSI ROAD,5050404502,Pri. with Upper Pri. Sec. and H.Sec.,Co. Educational,Private Unaided (Recognized),2001,78.0762,30.3794,Operational,Rural,1,12,ICSE,ICSE,1,33,33,31,0,29,25,32,34,36,61,52,82,89,84,64,61,649,649
Haryana,6,Sonipat,75,Ganaur,553,Gsss Panchi Jatan,Purkhas Dhiran,60803060,131001,,UDEY SINGH ARYA SR.SEC.SCHOOL,6080306008,Pri. with Upper Pri. Sec. and H.Sec.,Co. Educational,Private Unaided (Recognized),1995,76.983496,29.084094,Operational,Rural,1,12,State Board,State Board,0,14,9,22,0,4,7,6,9,8,8,8,12,15,15,15,9,116,116
Madhya Pradesh,23,Sehore,427,Sehore,3986,Hss Barkheda Hasan,Bajar,233305212,466665,,GPS BAZAR GAON,23330521201,Primary,Co. Educational,Department of Education,1956,77.27246,23.568238,Operational,Rural,1,5,,,0,3,0,2,0,4,10,9,11,6,0,0,0,0,0,0,0,40,40
Odisha,21,Koraput,363,Koraput,3471,Jhadiguda Ps                       ,Hiridiput,212906074,,,BONDA LITIGUDA PROJ PS,21290607404,Primary,Co. Educational,Department of Education,2014,82.784593,18.873686,Operational,Rural,1,5,,,0,2,0,2,0,9,5,6,3,7,0,0,0,0,0,0,0,30,30
Manipur,14,Churachandpur,254,Henglep,6565,Henglep H/S,Kukimun,140306188,795124,,KUKIMUN PRIMARY SCHOOL,14030618801,Primary,Co. Educational,Department of Education,2005,93.684669,24.594248,Operational,Rural,1,5,,,0,2,0,2,0,24,13,15,12,14,0,0,0,0,0,0,0,78,78
Tamil Nadu,33,Thoothukkudi,None,Thiruchenthur,None,"Saraswathi Ms, Arumuganer",Kandasamypuram-Ward8,332805058,,,ILAIGNAR ARAMPA VIDYA SALAI  RANIMAHARAJAPURAM,33280505801,Primary,Co. Educational,Government Aided,1949,78.092226,8.529295,Operational,Rural,1,5,,,0,2,0,2,0,8,11,7,6,3,0,0,0,0,0,0,0,35,35
Uttar Pradesh,9,Rampur,176,,None,Nagarpalika Rampur,Ward-28,90507016,244901,WARD-28,MADARSA NOOR UL ULOOM,9050701609,Primary,Co. Educational,Madarsa recognized (by Wakf board/Madarsa Board),2011,79.021882,28.790272,Operational,Urban,1,5,,,0,8,0,6,0,21,20,20,23,25,0,0,0,0,0,0,0,109,109
Maharashtra,27,Aurangabad (Maharashtra),None,Vaijapur,None,Khandala,Lakh Khandala,271908084,423701,,ZPPUPSV LAKHKHANDALA,27190808401,Primary with Upper Primary,Co. Educational,Local body,1962,74.7024,20.008661,Operational,Rural,1,7,,,0,7,2,7,0,18,20,27,12,28,31,29,0,0,0,0,0,165,165
Madhya Pradesh,23,Satna,426,Amarpatan,3974,Ghss Tyodhari,Ruguwa,231301177,,RUGUWA,NANDAN PUBLIC SCHOOL REMAR,23130117705,Primary with Upper Primary,Co. Educational,Private Unaided (Recognized),2013,81.11094,24.503351,Operational,Urban,1,8,,,1,8,8,5,0,3,2,2,4,2,4,10,0,0,0,0,0,27,27
Tamil Nadu,33,Villupuram,596,Koliyanur,6459,Valavanur Girls Hr.Sec.Sc,Kudmiyankuppam,330710006,,,PANCHAYAT UNION PRIMARY SCHOOL KUDUMIYANKUPPAM,33071000601,Primary,Co. Educational,Department of Education,1971,79.59317,11.92569,Operational,Rural,1,5,,,0,3,0,3,0,12,13,12,19,19,0,0,0,0,0,0,0,75,75
Madhya Pradesh,23,Sidhi,433,Rampur Naikin,4023,Hss Kandhwar,Kota,231705072,486771,,PS KOTA,23170507201,Primary,Co. Educational,Department of Education,1995,81.548874,24.355872,Operational,Rural,1,5,,,0,2,0,2,0,6,7,13,6,5,0,0,0,0,0,0,0,37,37
Gujarat,24,Botad,676,Botad,4100,Msb School Botad-2,Botad,242803053,364710,BOTAD,R.P.KORADIYA MADHYAMIK VIDYALAY,24280305383,Secondary with Higher Secondary,Co. Educational,Private Unaided (Recognized),2007,71.6636,22.18085,Operational,Urban,9,12,State Board,State Board,48,6,6,6,0,0,0,0,0,0,0,0,0,73,71,37,52,233,233
Bihar,10,Katihar,201,Azamnagar,1799,Ams Azamnagar,Tilas,101012057,855113,,PRIMARY SCHOOL KAMAT KANHARIA,10101205701,Primary,Co. Educational,Department of Education,1962,87.852064,25.577857,Operational,Rural,1,5,,,0,6,3,4,0,6,14,28,8,5,0,0,0,0,0,0,0,61,61
Uttar Pradesh,9,Shahjahanpur,180,Kanth,1522,Arua Khanpur,Jatav Gauriya,92211153,242225,,PS JATAV GAUTIYA,9221115301,Primary,Co. Educational,Department of Education,2001,79.7902,27.80688,Operational,Rural,1,5,,,0,4,0,2,0,18,18,19,16,13,0,0,0,0,0,0,0,84,84
Bihar,10,Pashchim Champaran,211,Ramnagar,1943,M.S.Bela Harinagar,Ward No 22,100112164,845103,WARD NO 22,MOON PUBLIC SCHOOL HARINAGAR,10011216403,Primary with Upper Primary,Co. Educational,Private Unaided (Recognized),2008,84.33247,27.15211,Operational,Urban,1,8,,,16,16,16,13,164,175,90,70,49,42,41,45,46,0,0,0,0,558,722
Madhya Pradesh,23,Panna,420,Panna,3932,High School Kunjwan,Janwar,231003248,488001,,MS JANWAR,23100324802,Upper Primary only,Co. Educational,Department of Education,1956,80.202226,24.656493,Operational,Rural,6,8,,,0,3,0,3,0,0,0,0,0,0,16,17,7,0,0,0,0,40,40
Tamil Nadu,33,Tirunelveli,592,Kalakadu,6389,"Ghss,Kalakad",Kallikulam,332906020,,,SRI NAMMALVAR MS KALLIKULAM,33290602003,Primary with Upper Primary,Co. Educational,Government Aided,1972,77.6155,8.5357,Operational,Rural,1,8,,,0,5,0,3,0,6,8,7,8,7,12,8,11,0,0,0,0,67,67
Uttar Pradesh,9,Sonbhadra,184,Myorpur,1574,Kirbil,Devari,97008013,231208,,P.S. THARHPATHAR,9700801303,Primary,Co. Educational,Department of Education,2006,83.048811,24.087144,Operational,Rural,1,5,,,0,4,0,4,0,18,15,31,22,16,0,0,0,0,0,0,0,102,102
Assam,18,Dhemaji,284,Murkongselek,2548,Pachim Simen Chapori,Rongpuria,181303042,787061,,UTJALPUR LPS,18130304208,Primary,Co. Educational,Department of Education,2003,94.86135,27.65775,Operational,Rural,1,5,,,0,1,0,2,0,2,1,1,2,2,0,0,0,0,0,0,0,8,8
Maharashtra,27,Bhandara,471,Bhandara,4332,Koka,Chandrapur,271001099,441905,,"Z,P. PRIMARY SCHOOL CHANDRAPUR",27100109901,Primary,Co. Educational,Local body,1964,79.800394,21.153148,Operational,Rural,1,4,,,0,1,0,2,0,4,0,2,1,0,0,0,0,0,0,0,0,7,7
Telangana,36,Ranga Reddy,518,Saroornagar,5534,Zphs Saroornagar,Saroornagar,362306008,,Saroornagar,AKSHARA THE SCHOOL-BAIRAMALGUDA,36230600803,Primary with Upper Primary,Co. Educational,Private Unaided (Recognized),2013,78.546981,17.338783,Operational,Urban,1,8,,,0,42,10,94,107,162,249,215,252,244,240,198,162,0,0,0,0,1722,1829
Uttarakhand,5,Nainital,51,Betalghat,391,Talli Sethi,Talli Sethi,51108069,263134,,GPS TALLI SETHI,5110806901,Primary,Co. Educational,Department of Education,1955,79.2564,29.5446,Operational,Rural,1,5,,,0,3,0,2,0,3,1,5,3,5,0,0,0,0,0,0,0,17,17
Andhra Pradesh,28,Anantapur,502,Kalyandrug,4710,Kcghs Kalyandurg,Kalyandurg,282223907,,KALYANDURG,S.R.B.V.EM TM HIGH SCHOOLKALYANADURG,28222390730,Upper Pri. and Secondary,Co. Educational,Private Unaided (Recognized),2011,77.1363,14.5677,Operational,Urban,6,10,State Board,CBSE,0,6,18,7,0,0,0,0,0,0,22,17,24,13,10,0,0,86,86
Odisha,21,Balangir,345,Bangomunda,3286,Jurabandh Project Govt. U,Khujenbahal,212403029,,,KHUJENBAHAL NUPS,21240302901,Primary with Upper Primary,Co. Educational,Department of Education,1961,82.84518,20.38429,Operational,Rural,1,8,,,0,7,2,8,0,20,22,21,19,21,58,56,66,0,0,0,0,283,283
Punjab,3,Bathinda,28,Talwandi Sabo,233,Gps Raman Village,Gatwali,31408010,,,GHS GATWALI,3140801002,Upper Pri. and Secondary,Co. Educational,Department of Education,1980,75.044818,29.896778,Operational,Rural,6,10,State Board,,0,5,2,9,0,0,0,0,0,0,34,26,25,46,45,0,0,176,176
Odisha,21,Kalahandi,358,,None,Kuchagaon U.P.S.,Karmeli,212604053,,,KARMELI UPS,21260405303,Primary with Upper Primary,Co. Educational,Department of Education,1949,82.780101,19.517779,Operational,Rural,1,8,,,0,6,2,10,0,16,15,26,14,15,38,38,32,0,0,0,0,194,194
Andhra Pradesh,28,Prakasam,517,,None,Zphs Yeguva Cherlo Palli,Chilakacherlagudem,281807016,,,GOVT AS C C GUDEM RF,28180701602,Primary,Co. Educational,Tribal Welfare Department,1977,78.9952,15.8786,Operational,Rural,1,10,State Board,CBSE,0,6,18,3,0,1,18,16,26,40,30,0,0,0,0,0,0,131,131
Madhya Pradesh,23,Damoh,400,Damoh,3801,Hss Jpb Damoh,Maganj Ward - 4,231203246,470661,MAGANJ WARD - 4,"PVT (1-12) OJASWINI SCHOOL PAR EXCELLENCE, MAGANJ WARD 4, DAMOH (20848)",23120324606,Pri. with Upper Pri. Sec. and H.Sec.,Co. Educational,Private Unaided (Recognized),2004,79.428381,23.833149,Operational,Urban,1,12,State Board,State Board,32,22,10,30,0,16,25,31,39,45,46,36,45,90,166,175,186,900,900
Uttar Pradesh,9,Basti,131,Kaptanganj,980,Pokhra,Hadhi,95502069,272131,,P.S. MEETASOTI,9550206901,Primary,Co. Educational,Department of Education,1963,82.580903,26.714029,Operational,Rural,1,5,,,0,2,0,1,0,12,11,8,13,9,0,0,0,0,0,0,0,53,53
Himachal Pradesh,2,Shimla,23,Theog,193,Gps Chairh,Chairh,21117056,171209,,GPS CHAIRH,2111705601,Primary,Co. Educational,Department of Education,1955,77.298889,31.109444,Operational,Rural,1,5,,,0,3,1,3,6,4,9,6,16,14,0,0,0,0,0,0,0,49,55
Andhra Pradesh,28,Chittoor,503,,None,Tppm Mchs Tp Area(E),Tirupathi (M),282311918,,TIRUPATHI (M) ,TPPM MCHS TP AREA(E),28231191821,Upper Pri. and Secondary,Co. Educational,Local body,1962,79.4092,13.6316,Operational,Urban,6,10,State Board,CBSE,0,10,16,10,0,0,0,0,0,0,29,38,45,46,34,0,0,192,192
Uttar Pradesh,9,Jaunpur,152,Khuthan,1231,Mubarak Pur,Mubarak Pur,96418052,222104,,SARSWATI BAL SHIKSHA SANSTHA P.S,9641805204,Primary,Co. Educational,Private Unaided (Recognized),2009,83.532222,26.439444,Operational,Rural,1,5,,,0,7,7,5,0,31,28,41,30,26,0,0,0,0,0,0,0,156,156
Uttar Pradesh,9,Meerut,169,Machra,1392,Bhati Pura,Amhera Sani,90710040,250001,,"P.P, AMHEDA SANI",9071004001,Primary,Co. Educational,Department of Education,1978,77.503765,28.554143,Operational,Rural,1,5,,,0,3,0,4,0,8,38,24,6,19,0,0,0,0,0,0,0,95,95
Punjab,3,Gurdaspur,32,Dorangla,257,Gps Behrampur,Raipur,30106023,,,BABA SRI CHAND KHASLA SCH. RAIPUR,3010602305,Primary with Upper Primary,Co. Educational,Private Unaided (Recognized),2008,75.406389,32.131667,Operational,Rural,1,8,,,0,5,0,4,3,0,2,3,2,5,1,4,0,0,0,0,0,17,20
Odisha,21,Sundargarh,373,,None,Garjanbahal U.P. School,Duduka,210506021,,,DUDUKA HIGH SCHOOL,21050602101,Secondary Only,Co. Educational,Government Aided,1986,83.80002,22.026627,Operational,Rural,9,10,State Board,,0,2,3,8,0,0,0,0,0,0,0,0,0,25,33,0,0,58,58
Maharashtra,27,Gondia,476,Goregaon,4387,Kawalewada,Dhanutola,271105012,441601,,Z.P. PRIMARY SCHOOL DHANUTOLA,27110501201,Primary,Co. Educational,Local body,1959,80.114163,21.41077,Operational,Rural,1,4,,,0,2,0,2,0,6,3,7,6,0,0,0,0,0,0,0,0,22,22
Uttar Pradesh,9,Muzaffarnagar,172,Morna,1432,Tissa,Karhada,90213048,251308,,NEHRU SMARAK PS KARHADA,9021304804,Primary,Co. Educational,Private Unaided (Recognized),1983,78.394167,29.719444,Operational,Rural,1,5,,,0,4,0,2,0,23,10,12,12,10,0,0,0,0,0,0,0,67,67
Uttar Pradesh,9,Kanpur Nagar,157,,None,Crc Prem Nagar,Talak Mahal,93424001,208001,TALAK MAHAL,SIDDIQ FAIZ-E-AM INTER COLLEGE,9341400153,Upper Pri. Secondary and Higher Sec,Co. Educational,Government Aided,1937,80.346771,26.470991,Operational,Urban,6,12,State Board,State Board,0,20,6,20,0,0,0,0,0,0,79,203,227,295,287,250,179,1520,1520
Meghalaya,17,North Garo Hills,656,Kharkutta,2451,Chibongga Crc,Bakanta,170802053,783124,,BAKANTA L.P.S.,17080205301,Primary,Co. Educational,Department of Education,2000,90.8505,25.913583,Operational,Rural,1,5,,,0,2,1,2,14,5,4,3,3,4,0,0,0,0,0,0,0,19,33
Gujarat,24,Anand,440,Borsad,4073,Branch -3 Kumar,Borsad,241503009,388540,BORSAD,MADANI ASHRAF (NON GR),24150300921,Primary with Upper Primary,Co. Educational,Private Unaided (Recognized),1995,72.900742,22.406583,Operational,Urban,1,8,,,0,10,0,4,0,16,23,21,17,24,24,25,28,0,0,0,0,178,178
Gujarat,24,Gir Somnath,675,Talala,4142,Talala Kanya Pay Cen Shala,Talala (Gir),243001100,362150,,NUTAN MADHYAMIK SHALA-TALALA,24300110034,Secondary with Higher Secondary,Co. Educational,Government Aided,1991,70.525511,21.049875,Operational,Rural,9,12,State Board,State Board,0,4,5,6,0,0,0,0,0,0,0,0,0,35,36,24,0,95,95
Tamil Nadu,33,Madurai,578,Melur,6221,P.U.P.S Vellalur,Uranganpatti,332408040,,,KAYALVIZHI N&P URANGANPATTI,33240804008,Primary,Co. Educational,Private Unaided (Recognized),1993,78.43083,9.9983,Operational,Rural,0,5,,,2,25,1,22,140,75,70,60,54,68,0,0,0,0,0,0,0,327,467
Bihar,10,Jehanabad,199,Ratni Faridpur,1786,M.S.Ratni Khajurbana,Sarta,103309083,804429,,HIGH SCHOOL SARTA,10330908304,Secondary with Higher Secondary,Co. Educational,Department of Education,1950,84.90971,25.18665,Operational,Rural,9,12,State Board,State Board,0,8,4,11,0,0,0,0,0,0,0,0,0,119,110,155,140,524,524
Gujarat,24,Valsad,462,Dharampur,4269,Sidumbar,Ugta,242504050,396050,,SHRI VALMIKI ASHRAMSHALA,24250405003,Primary with Upper Primary,Co. Educational,Tribal Welfare Department,1980,73.254833,20.496411,Operational,Rural,1,8,,,0,4,0,4,0,13,23,21,16,18,13,14,19,0,0,0,0,137,137
Madhya Pradesh,23,Sagar,425,Rehli,3971,Ghss Chandpur (23111109509),Chandpur,231111095,470227,,GOVT PS CHANDPUR,23111109502,Primary,Co. Educational,Department of Education,1885,79.093409,23.551358,Operational,Rural,1,5,,,0,5,0,4,15,21,15,32,41,22,0,0,0,0,0,0,0,131,146
Uttar Pradesh,9,Saharanpur,177,,None,Buddakheda,Buddakheda,90107101,247232,,SOFIA  PUBLIK  SCHOOL,9010710105,Primary,Co. Educational,Private Unaided (Recognized),2000,77.50745,30.04196,Operational,Rural,1,5,,,0,5,1,5,0,13,16,10,9,8,0,0,0,0,0,0,0,56,56
Bihar,10,Muzaffarpur,208,,None,Urdu M.S. Sadpura Balak,Ward No. 22,101408145,842002,WARD NO. 22,MILLAT URDU PS MAHARAJI POKHAR,10140814501,Primary,Co. Educational,Department of Education,1971,85.397,26.1196,Operational,Urban,1,5,,,0,3,0,4,0,20,34,38,24,25,0,0,0,0,0,0,0,141,141
Uttar Pradesh,9,Kheri,159,Pasgawan,1306,Maigalganj,Jamuniya Katdile,92314105,261505,,UPS JAMUNIYAN KATDILE COMPOSIT (1 TO 8),9231410503,Primary with Upper Primary,Co. Educational,Department of Education,2006,80.31946,27.71967,Operational,Rural,1,8,,,0,5,5,5,0,30,20,26,31,19,36,19,34,0,0,0,0,215,215
Bihar,10,Saran,218,,None,Ms A C Bichala Telpa,Ward No 40,101703129,841302,WARD NO 40,J.K PUBLIC SCHOOL,10170312901,Primary,Co. Educational,Private Unaided (Recognized),2014,84.76228,25.7802,Operational,Urban,1,5,,,1,8,5,5,0,19,20,17,17,18,0,0,0,0,0,0,0,91,91
West Bengal,19,24 Paraganas South,304,Mathurapur I,2767,Jadabpur High School,L N Pur  Uttar-Ii,191823036,,,KAIPUKURIA F P,19182303601,Primary,Co. Educational,Department of Education,1950,88.33774,22.10089,Operational,Rural,1,4,,,0,3,0,2,8,14,10,7,11,0,0,0,0,0,0,0,0,42,50
Haryana,6,Panchkula,70,Pinjore,529,Ghs Burj Kotian,Ghaggar Bir,60101062,134107,GHAGGAR BIR,GPS GHAGGARBIR,6010106201,Primary,Co. Educational,Department of Education,1974,76.89579,30.729756,Operational,Urban,1,5,,,0,4,0,9,0,30,26,27,51,49,0,0,0,0,0,0,0,183,183
Chhattisgarh,22,Balrampur,649,Kusmi,3721,Nilkanthpur,Civildag,222613058,,,P.S. TILHAKHOR,22261305807,Primary,Co. Educational,Department of Education,2006,83.8403,23.2672,Operational,Rural,1,5,,,0,3,0,4,0,15,19,27,34,22,0,0,0,0,0,0,0,117,117
Rajasthan,8,Jaipur,102,Chaksu,686,Peeo5006- Gsss Tamdiya (218269),Kripa Rampura,81213121,303901,,GOVT UPS KRIPA RAM PURA,8121312101,Primary with Upper Primary,Co. Educational,Department of Education,1961,75.792673,26.566628,Operational,Rural,1,8,,,0,6,5,6,0,5,6,4,7,5,15,7,10,0,0,0,0,59,59
Uttar Pradesh,9,Mainpuri,166,Ghiror,1362,Kalhor,Badahar,91802013,205121,,P.S.BADAHAR,9180201301,Primary,Co. Educational,Department of Education,1999,78.8261,27.1818,Operational,Rural,1,5,,,0,4,0,5,0,23,33,22,23,17,0,0,0,0,0,0,0,118,118
Rajasthan,8,Alwar,87,Neemrana,581,Peeo543- Gsss Dabarwas (216250),Dabar Was,80602090,301704,,GOVT. UPS (G) DABARWAS,8060209001,Primary with Upper Primary,Co. Educational,Department of Education,1989,76.390401,28.077764,Operational,Rural,1,8,,,0,7,3,7,0,13,16,7,14,9,5,6,2,0,0,0,0,72,72
Himachal Pradesh,2,Mandi,22,,None,Gcps Nau,Rahri,20521026,175121,,GPS RAHRI,2052102601,Primary,Co. Educational,Department of Education,1974,77.152222,31.785278,Operational,Rural,1,5,,,0,2,0,2,0,1,0,1,2,0,0,0,0,0,0,0,0,4,4
Rajasthan,8,Jhalawar,105,Bhawani Mandi,6845,Peeo5930- Gsss Pagariya (224713),Pagariya1,83208097,326512,,GURUKUL INSTITUTE OF EDUCATION,8320809709,Primary with Upper Primary,Co. Educational,Private Unaided (Recognized),2017,75.859393,24.127171,Operational,Rural,1,8,,,0,10,10,5,37,48,28,26,22,25,9,13,8,0,0,0,0,179,216
Himachal Pradesh,2,Sirmaur,24,Rajgarh,197,Ser Manon,Bhanat,21006092,173101,,SHANKAR VIDYA NIKETAN PUB. SCH. PHAGOO,2100609204,Primary,Co. Educational,Private Unaided (Recognized),2002,77.329444,30.879167,Operational,Rural,1,5,,,0,5,0,4,5,8,4,5,4,8,0,0,0,0,0,0,0,29,34
Haryana,6,Palwal,619,Hodal,467,Gsss Siha,Maroli,62117027,121106,,SHIV VIDYA MANDIR HIGH SCHOOL MARROLI,6211702705,Pri. Upper Pri. and Secondary Only,Co. Educational,Private Unaided (Recognized),1998,77.373333,27.964722,Operational,Rural,1,10,State Board,,0,15,7,11,0,34,29,23,19,16,14,26,22,17,21,0,0,221,221
Uttar Pradesh,9,Bahraich,125,Risia,904,Shankar Pur,Karniya,95009013,271875,,P S KARNIYA,9500900301,Primary,Co. Educational,Department of Education,1979,81.639214,27.710549,Operational,Rural,1,5,,,0,4,0,4,0,15,36,30,26,21,0,0,0,0,0,0,0,128,128
Haryana,6,Nuh,604,Punahana,481,Ghs Gangwani,Gangani,62001023,122508,,GPS GANGWANI,6200102301,Primary,Co. Educational,Department of Education,1917,77.172717,27.857583,Operational,Rural,1,5,,,0,6,1,6,0,29,76,116,48,32,0,0,0,0,0,0,0,301,301
Punjab,3,Amritsar,27,,None,Gps Chak Sikander,Chak Sikander,30201017,,,GHS CHAK SIKANDER,3020101702,Upper Pri. and Secondary,Co. Educational,Department of Education,1969,74.91244,31.84246,Operational,Rural,6,10,State Board,,0,5,3,9,0,0,0,0,0,0,8,17,19,26,24,0,0,94,94
Chhattisgarh,22,Baloda Bazar,644,Simga,3706,Kirwai,Darchura,222416100,,,GOVT.NAVEEN M.S DARCURA,22241610003,Upper Primary only,Co. Educational,Department of Education,2006,81.7861,21.7144,Operational,Rural,6,8,,,0,8,4,5,0,0,0,0,0,0,69,63,49,0,0,0,0,181,181
Madhya Pradesh,23,Shajapur,430,,None,Excellent Hss M Barodiya,M.Barodya,232204061,465226,,PRIVT. HS GANGA GYAN M. BARODIYA,23220406109,Pri. Upper Pri. and Secondary Only,Co. Educational,Private Unaided (Recognized),2002,76.20656,23.33235,Operational,Rural,1,10,State Board,,0,6,3,14,12,6,21,29,26,41,36,40,45,67,116,0,0,427,439
Haryana,6,Rewari,72,Rewari,540,Gsss Budhpur,Gindokhar,61705044,123401,,GPS GINDOKHAR,6170504401,Primary,Co. Educational,Department of Education,1952,76.581383,28.247617,Operational,Rural,1,5,,,0,4,0,2,0,7,3,9,4,6,0,0,0,0,0,0,0,29,29
Maharashtra,27,Pune,490,,None,Hadapsar Crc No. 38,Salisbury Park,272517009,411037,SALISBURY PARK,HASSAN HUSSAIN IMAMIYA URDU HIGH SCHOOL,27251700918,Pri. Upper Pri. and Secondary Only,Co. Educational,Private Unaided (Recognized),2004,73.876223,18.494282,Operational,Urban,5,10,State Board,,1,6,8,8,0,0,0,0,0,4,0,0,13,17,5,0,0,39,39
Chhattisgarh,22,Rajnandgaon,388,,None,Chhachhanpahari,Bharritola,220902044,,,GOVT. PRIMARY SCHOOL BHARRITOLA,22090204401,Primary,Co. Educational,Department of Education,1996,80.8017,20.8253,Operational,Rural,1,5,,,0,2,0,2,0,6,3,5,6,9,0,0,0,0,0,0,0,29,29
Maharashtra,27,Buldhana,472,Chikhli,4340,Chikhli (Np),Chikhli (N.P.),270402001,443201,CHIKHLI (N.P.),"S. P. M ARTS & COMMERCE COLLEGE, CHIKHALI",27040200137,Higher Secondary only/Jr. College,Co. Educational,Government Aided,1965,76.248807,20.344619,Operational,Urban,11,12,,State Board,0,4,4,3,0,0,0,0,0,0,0,0,0,0,0,71,50,121,121
Andhra Pradesh,28,Krishna,510,,None,K.B.C Zp Hs (B) Patamata,Vijayawada,281617913,,VIJAYAWADA,S.T.R EM HSKOTHAPETVZA,28161791393,Upper Pri. and Secondary,Co. Educational,Private Unaided (Recognized),1979,80.6113,16.5234,Operational,Urban,6,10,State Board,CBSE,0,3,16,1,0,0,0,0,0,0,47,56,71,73,87,0,0,334,334
Jharkhand,20,Giridih,329,Dumri,3136,Govt M.S Jam Tara,Rangamati,200604054,825167,,SHIKSHA ACADEMY,20060405417,Primary with Upper Primary,Co. Educational,Unrecognized,2015,86.023477,23.987615,Operational,Rural,1,8,,,0,8,1,6,15,20,28,19,20,20,4,3,0,0,0,0,0,114,129
Uttar Pradesh,9,Banda,128,Naraini,940,Badausa,Badausa,94004003,210001,,SMT RANI CHATURVEDI CONVENT SCHOOL BADAUSA,9400400319,Primary with Upper Primary,Co. Educational,Private Unaided (Recognized),2013,80.3918,25.1442,Operational,Rural,1,8,,,0,9,1,11,0,15,17,23,23,12,15,38,61,0,0,0,0,204,204
Maharashtra,27,Yavatmal,500,Maregaon,4626,Maregaon,Narsala,271408080,445303,,"Z. P. UPP. PRI. SCHOOL, NARSALA",27140808001,Primary with Upper Primary,Co. Educational,Local body,1950,78.810163,20.10442,Operational,Rural,1,8,,,0,9,0,9,0,13,28,26,27,28,29,19,23,0,0,0,0,193,193
Tripura,16,Unakoti,655,Kumarghat,2420,Joyganti H.S School.,Ganganagar,160806008,799290,,JOYGANTI H.S SCHOOL.,16080600802,Pri. with Upper Pri. Sec. and H.Sec.,Co. Educational,Department of Education,1945,91.97351,24.16472,Operational,Rural,1,12,State Board,State Board,0,7,5,13,0,19,18,18,17,20,47,44,66,60,99,14,2,424,424
Madhya Pradesh,23,Seoni,428,Lakhnadon,3993,Hss Ganeshganj,Raichore,234406012,480885,,GPS RAYCHOUR,23440601201,Primary,Co. Educational,Tribal Welfare Department,1991,79.601765,22.496796,Operational,Rural,1,5,,,0,4,1,2,0,9,6,5,7,7,0,0,0,0,0,0,0,34,34
Karnataka,29,Davangere,535,Jagalur,5825,Jagalur,Jag Ward No 5,291406156,,JAG WARD NO 5,R.V.S HI-TECH SCHOOL-JAGALUR,29140615606,Pri. Upper Pri. and Secondary Only,Co. Educational,Private Unaided (Recognized),2011,76.339167,14.523598,Operational,Urban,1,10,State Board,,0,18,2,11,0,28,25,45,36,40,48,35,31,20,13,0,0,321,321
West Bengal,19,24 Paraganas North,303,Barasat-I,2726,Duttapukur- I,Duttapukur -I/V,191102026,,,SSK. BIDHAN PALLY,19110202603,Primary,Co. Educational,Department of Education,2001,88.5493,22.7767,Operational,Rural,1,4,,,0,2,0,1,1,3,6,4,10,0,0,0,0,0,0,0,0,23,24
West Bengal,19,Purba Medinipur,None,Khejuri -I,None,Heria,Haria / I,191917001,,,MOHATI DEBICHAK V. SIKSHANIKETAN,19191700102,Upper Primary only,Co. Educational,Department of Education,1964,87.77469,21.97429,Operational,Rural,5,10,State Board,,0,10,5,8,0,0,0,0,0,31,32,40,19,21,14,0,0,157,157
Assam,18,Hailakandi,289,Katlicherra,2588,Roopacherra,Dholai Molai Part 9,182302123,788161,,272 NO MOHADEVPUR LPS,18230212301,Primary,Co. Educational,Department of Education,1950,92.58925,24.452717,Operational,Rural,1,5,,,0,2,0,4,0,19,15,21,18,15,0,0,0,0,0,0,0,88,88
Uttar Pradesh,9,Hathras,163,Sasni,1341,Bhndhanu,Ninamai,91302043,202139,,COMPOSITE SCHOOL NINAMAI,9130204301,Primary with Upper Primary,Co. Educational,Department of Education,1965,78.165074,27.701795,Operational,Rural,1,8,,,0,10,0,11,0,26,32,42,37,22,30,29,34,0,0,0,0,252,252
Uttar Pradesh,9,Sultanpur,185,Dhanpatganj,1583,Khara,Ram Nagar,94907026,228121,,JHS RAMNAGAR,9490702603,Upper Primary only,Co. Educational,Department of Education,2004,81.99388,26.4308,Operational,Rural,6,8,,,0,5,1,3,0,0,0,0,0,0,37,50,58,0,0,0,0,145,145
Karnataka,29,Chikkamagaluru,532,Sringeri,5807,Nallur,Asanabalu,291701001,,,GLPS. ASANABALU,29170100103,Primary,Co. Educational,Department of Education,1956,75.200556,13.483611,Operational,Rural,1,5,,,0,2,0,1,0,4,1,4,2,3,0,0,0,0,0,0,0,14,14
Uttar Pradesh,9,Rampur,176,Suar,1489,Shadinagar Hajira,Matkheda,90503281,244901,,KHALSA JHS MATKHEDA,9050328102,Upper Primary only,Co. Educational,Private Unaided (Recognized),2005,79.035992,28.830341,Operational,Rural,6,8,,,0,6,6,3,0,0,0,0,0,0,22,20,24,0,0,0,0,66,66
Uttar Pradesh,9,Barabanki,129,,None,Bibi Pur,Sarai Purkhu,94612140,225119,,P.S.SARAI PURKHU,9461214001,Primary,Co. Educational,Department of Education,2004,81.343325,26.772052,Operational,Rural,1,5,,,0,4,2,2,0,12,14,27,24,10,0,0,0,0,0,0,0,87,87
Chhattisgarh,22,Surguja,389,Lakhanpur,3722,Sirkotanga,Rajpurikala,220206066,,,GOVT.M.S. RAJPURIKALA,22020606604,Upper Primary only,Co. Educational,Department of Education,2006,83.0739,23.0225,Operational,Rural,6,8,,,0,3,3,5,0,0,0,0,0,0,40,30,39,0,0,0,0,109,109
Karnataka,29,Yadgir,635,Yadgir,5845,Konkal,Parmeshpalli,293310147,,,GOVT LPS PARMESHPALLI,29331014701,Primary,Co. Educational,Department of Education,1990,77.384658,16.76571,Operational,Rural,1,5,,,0,3,0,2,0,4,6,10,7,12,0,0,0,0,0,0,0,39,39
Chhattisgarh,22,Koriya,None,Bharatpur,None,Bhagwanpur,Bhagwanpur,220124118,,,SARASWATI SHISHU MANDIR BHAGWANPUR,22012411803,Primary,Co. Educational,Private Unaided (Recognized),1992,81.85019,23.7077,Operational,Rural,1,5,,,0,3,0,3,0,13,5,2,5,5,0,0,0,0,0,0,0,30,30
Maharashtra,27,Yavatmal,500,Pusad,4628,Bhojala,Bhojala,271411023,445216,,"Z. P. PRI SCHOOL (BOYS),BHOJALA",27141102301,Primary,Boys Only,Local body,1898,77.534479,19.953398,Operational,Rural,1,4,,,0,4,4,4,0,23,29,28,30,0,0,0,0,0,0,0,0,110,110
West Bengal,19,Purulia,321,Barabazar,3047,Sanichari Jr. High School,Bansbera / Viii,191405094,,,SARGO M.S.K.,19140509402,Upper Primary only,Co. Educational,Department of Education,2004,86.4035,23.055,Operational,Rural,5,8,,,0,4,1,4,0,0,0,0,0,15,22,14,32,0,0,0,0,83,83
Karnataka,29,Bagalkote,524,Mudhol,5758,Saidapur,Saidapur,290211068,,,AIDED SOMAIYA  SHISHU NIKETAN HIGHER PRIMARY SCHOOL SAMEERWADI,29021106805,Primary with Upper Primary,Co. Educational,Government Aided,1973,75.046,16.386,Operational,Rural,1,7,,,0,8,0,9,0,40,34,37,35,40,50,57,0,0,0,0,0,293,293
Kerala,32,Kozhikode,561,Koduvally,6023,Gmups Pallippuram,Kedavoor,320403012,673573,,GMUPS PALLIPPURAM,32040301202,Primary with Upper Primary,Co. Educational,Department of Education,1926,75.911753,11.428592,Operational,Rural,1,7,,,0,15,3,19,42,34,20,35,42,69,36,36,0,0,0,0,0,272,314
Maharashtra,27,Nanded,485,Nanded,4471,Pimpamgaon Ko.,Naleshwar,271501045,431602,,MAULI PUBLIC SCHOOL NALESHWAR,27150104503,Primary,Co. Educational,Private Unaided (Recognized),2016,77.191137,19.161615,Operational,Rural,1,5,,,0,5,1,7,0,21,49,34,21,14,0,0,0,0,0,0,0,139,139
Bihar,10,Siwan,222,Guthani,2114,M.S Soharai,Tali Kurmha,101608012,841239,,"UPGRADED HIGH SCHOOL, TALI",10160801201,Pri. with Upper Pri. Sec. and H.Sec.,Co. Educational,Department of Education,1954,84.0908,26.2321,Operational,Rural,1,12,State Board,State Board,0,26,2,8,0,25,12,16,16,11,16,24,32,20,0,0,0,172,172
Chhattisgarh,22,Rajnandgaon,388,,None,Bhavsa,Ghotiya,220909009,,,GOVT. H.S. GHOTIYA,22090900905,Secondary Only,Co. Educational,Department of Education,1987,80.8017,20.4886,Operational,Rural,9,10,State Board,,1,3,3,5,0,0,0,0,0,0,0,0,0,52,55,0,0,107,107
Uttar Pradesh,9,Bulandshahr,134,Khurja,1026,Ramgarhi,Saudahabibpur,91111056,203132,,P.S. HABIBPUR,9111105604,Primary,Co. Educational,Department of Education,2001,77.787062,28.165914,Operational,Rural,1,5,,,0,5,0,2,0,4,14,13,11,17,0,0,0,0,0,0,0,59,59
Jammu and Kashmir,1,Baramulla,3,Tangmarag,33,Ms Chandil,Chandil,10220013,193404,,GMS  CHANDIL,1022001301,Primary with Upper Primary,Co. Educational,Department of Education,1988,74.426884,34.060578,Operational,Rural,1,8,,,0,5,1,6,10,7,13,7,7,3,5,5,7,0,0,0,0,54,64
Uttar Pradesh,9,Shravasti,181,Sirsiya,1535,Rampur Devman,Jogin Bhariya,95106073,271840,,P.S. KOYLAHWA,9510607303,Primary,Co. Educational,Department of Education,2006,82.0916,27.7004,Operational,Rural,1,5,,,0,5,0,3,0,10,14,48,23,20,0,0,0,0,0,0,0,115,115
Rajasthan,8,Udaipur,117,Kurabad,7114,Peeo9636- Gsss Bhensdakhurd (223240),Bhensda Khurd,82617025,313024,,G.S.SEC BHENSDA KHURD,8261702504,Pri. with Upper Pri. Sec. and H.Sec.,Co. Educational,Department of Education,1956,73.810489,24.644466,Operational,Rural,1,12,State Board,State Board,1,10,4,14,0,7,17,14,10,16,20,38,17,33,43,19,13,247,247
Uttar Pradesh,9,Moradabad,171,Bhagatpur Tanda,1415,Pipal Sana,Pipalsana,90402008,244402,,ABBASIA MEMORIAL J.H.S.,9040200833,Upper Primary only,Co. Educational,Private Unaided (Recognized),2004,78.8221,28.9302,Operational,Rural,6,8,,,0,6,1,4,0,0,0,0,0,0,29,17,27,0,0,0,0,73,73
Assam,18,Nagaon,297,,None,Manipur Tup West,Bechapati,181004116,782104,,BECHA PATTY NEW LPS,18100411602,Primary,Co. Educational,Department of Education,2003,92.438633,26.256083,Operational,Rural,1,5,,,0,2,0,3,5,9,12,8,13,9,0,0,0,0,0,0,0,51,56
Jammu and Kashmir,1,Anantnag,1,Anantnag,6861,Qazi Mohalla,Khanabal C,10603040,192101,KHANABAL C,GPS ZADI PORA,1060304001,Primary,Co. Educational,Department of Education,1972,75.1351,33.7376,Operational,Urban,1,5,,,0,4,0,2,8,3,3,2,5,5,0,0,0,0,0,0,0,18,26
Rajasthan,8,Rajsamand,112,Amet,761,Peeo8209- Gsss Aidana (222754),Deviyo Ka Merra,82503007,313334,,GOVT.UPS.DEVIYO KA MERRA,8250300701,Primary with Upper Primary,Co. Educational,Department of Education,1966,73.808881,25.232363,Operational,Rural,1,8,,,0,6,6,7,0,16,10,13,18,10,12,16,13,0,0,0,0,108,108
Uttar Pradesh,9,Etah,138,Aliganj,1063,Sasota Doshpur,N.Ballabh,91701176,207247,,PS N.BALLABH,9170117601,Primary,Co. Educational,Department of Education,2002,79.223182,27.483138,Operational,Rural,1,5,,,0,4,0,3,0,9,9,8,6,5,0,0,0,0,0,0,0,37,37
Telangana,36,Suryapet,696,Suryapet,5364,Zphs B Suryapet,Suryapet-3,363007903,,SURYAPET-3,VYSHNAVI UPS EM SURYAPET,36300790323,Primary with Upper Primary,Co. Educational,Private Unaided (Recognized),2014,79.620309,17.149281,Operational,Urban,1,7,,,0,10,2,9,0,38,20,21,28,15,7,0,0,0,0,0,0,129,129
Gujarat,24,Panch Mahals,454,Godhra,4185,Velvad,Velvad,241702106,388713,,HARSHADI VIDHYALAY VELVAD,24170210603,Secondary with Higher Secondary,Co. Educational,Government Aided,1984,73.507092,22.8543,Operational,Rural,9,12,State Board,State Board,0,5,5,6,0,0,0,0,0,0,0,0,0,93,88,51,36,268,268
Karnataka,29,Belagavi Chikkodi,None,Gokak,None,Mamadapur,Mamdapur,293006062,,,GOVT KANNADA HIGHER PRIMARY  GIRLS  SCHOOL MAMADAPUR,29300606204,Primary with Upper Primary,Girls Only,Department of Education,1927,74.934,16.113,Operational,Rural,1,8,,,0,12,0,13,0,39,37,49,37,43,74,94,58,0,0,0,0,431,431
Uttar Pradesh,9,Moradabad,171,,None,Siras Khera,Siras Khera,90409058,244001,,MADARSA SHAMSHUL ISLAM,9040905811,Pri. with Upper Pri. Sec. and H.Sec.,Co. Educational,Private Unaided (Recognized),2007,78.904977,28.83195,Operational,Rural,1,12,Others,Others,0,12,14,7,0,49,32,44,45,60,59,67,66,66,65,68,65,686,686
Andhra Pradesh,28,Chittoor,503,,None,Mgm Mchs Bairagipattede,Tirupathi (M),282311914,,TIRUPATHI (M),KARUNYA EM SCHOOL,28231191444,Primary,Co. Educational,Private Unaided (Recognized),1992,79.4237,13.6193,Operational,Urban,1,5,,,4,7,0,2,20,8,11,12,15,9,0,0,0,0,0,0,0,55,75
Odisha,21,Kalahandi,358,,None,Sripur,Takarla,212612164,,,TAKARLA U.G.H.S.,21261216404,Pri. Upper Pri. and Secondary Only,Co. Educational,Department of Education,1958,83.381313,20.209473,Operational,Rural,1,10,State Board,,0,8,7,7,0,13,18,22,16,15,35,47,47,49,37,0,0,299,299
Uttar Pradesh,9,Moradabad,171,Thakurdwara,1424,Surjan Nagar,Surjan Nagar,90412020,244602,,SUNRISE PUB.SCH. PRIMARY,9041202015,Primary,Co. Educational,Private Unaided (Recognized),2005,78.70118,29.22954,Operational,Rural,1,5,,,0,7,12,6,0,38,32,32,33,27,0,0,0,0,0,0,0,162,162
Bihar,10,Araria,188,,None,M.S.Ramnagar Pothia,Bhojpur,100715107,854333,,PS BIRI TOLA,10071510701,Primary,Co. Educational,Department of Education,2007,87.5254,26.3074,Operational,Rural,1,5,,,0,3,0,4,0,16,24,20,23,8,0,0,0,0,0,0,0,91,91
Uttar Pradesh,9,Jhansi,153,,None,Jhansi Nagar Chetra,Ward No.56,93611059,284002,WARD NO.56,ISLAMIYA REHNUMA  PRIMARY SCHOOL,9361105914,Primary,Boys Only,Madarsa unrecognized,1998,78.57407,25.464964,Operational,Urban,1,5,,,0,3,0,3,0,3,10,11,10,14,0,0,0,0,0,0,0,48,48
Uttarakhand,5,Haridwar,50,Bahadrabad,385,Aurangabad,Hajara Grant,51301009,249402,,P.S. HAJARA GRANT,5130100901,Primary,Co. Educational,Department of Education,1948,77.9702,30.0031,Operational,Rural,1,5,,,0,2,0,5,0,19,20,40,28,34,0,0,0,0,0,0,0,141,141
Bihar,10,Saharsa,216,Sattar Kattaiya,2035,Ms Sevashram Patori,Patori,101202017,852124,,RAJLAKSHMI DH.SARASWATI SHISHU VIDYA MANDIR PATORI,10120201711,Primary with Upper Primary,Co. Educational,Private Unaided (Recognized),2007,86.55968,25.96763,Operational,Rural,1,8,,,0,15,2,15,0,72,71,44,49,42,38,28,33,0,0,0,0,377,377
West Bengal,19,Purba Medinipur,None,Nandigram -I,None,Nandigram South,Gokulnagar / V,191912072,,,SIMULKUNDA BD.PRY.SCHOOL,19191207201,Primary,Co. Educational,Department of Education,1897,87.94575,21.94761,Operational,Rural,1,4,,,0,4,0,3,12,8,12,17,10,0,0,0,0,0,0,0,0,47,59
Tamil Nadu,33,Thoothukkudi,None,Thoothukudi Rural,None,"Pups, Vagaikulam",Kumaragiri,332813018,,,PUPS RAMACHANDRAPURAM,33281301803,Primary,Co. Educational,Department of Education,1961,78.03093,8.729259,Operational,Rural,1,5,,,0,2,1,2,0,4,1,2,5,1,0,0,0,0,0,0,0,13,13
Jammu and Kashmir,1,Udhampur,14,Ramnagar,132,Ghs Ramnagar,Ramnagar,11017021,182122,RAMNAGAR,GHS RAMNAGAR,1101702101,Pri. Upper Pri. and Secondary Only,Co. Educational,Department of Education,1925,75.3133,32.8077,Operational,Urban,1,10,State Board,,1,16,3,17,0,0,1,5,4,6,24,24,19,59,78,0,0,220,220
Madhya Pradesh,23,Morena,417,Kailaras,3916,New Hs Semai (23020600806),Semai,230206008,476224,,GOVT.SATELITE SHALA (SEMAI),23020600805,Primary,Co. Educational,Department of Education,2009,77.51202,26.261845,Operational,Rural,1,5,,,0,1,0,2,0,12,7,7,6,11,0,0,0,0,0,0,0,43,43
Himachal Pradesh,2,Kangra,18,Nagrota Surian,159,Gps Guler,Gathutar,20213017,176033,,GREEN VALLY PUB SCH GATHUTAR,2021301703,Primary with Upper Primary,Co. Educational,Private Unaided (Recognized),2006,76.150833,32.009167,Operational,Rural,1,8,,,0,11,11,5,0,5,8,1,5,3,5,3,4,0,0,0,0,34,34
West Bengal,19,Howrah,313,,None,Bamangachi Sree Arabinda Vidya,Hmc/9,191615009,,HMC/9,ADARSHA VIDYAMANDIR,19161500907,Primary,Co. Educational,Department of Education,1968,88.32711,22.59834,Operational,Urban,1,5,,,0,5,0,10,8,12,27,30,41,56,0,0,0,0,0,0,0,166,174
West Bengal,19,Birbhum,307,Rampurhat-Ii,2842,Budhigram Pry. School,Budhigram-Xi,190813030,,,SANDHYAJOLE JUNIOR HIGH SCHOOL,19081303002,Upper Primary only,Co. Educational,Department of Education,2010,87.84265,24.05102,Operational,Rural,5,8,,,0,5,1,3,0,0,0,0,0,39,61,40,40,0,0,0,0,180,180
Madhya Pradesh,23,Chhatarpur,398,Rajnagar,3788,Hss (Girls) Rajnagar,Sirawanpurwa (Raj.Ward No.8,230908277,471625,SIRAWANPURWA (RAJ.WARD NO.8,UEGS SIRAWANPURWA,23090827701,Primary,Co. Educational,Department of Education,1996,79.921605,24.900711,Operational,Urban,1,5,,,0,2,0,3,0,4,6,5,4,9,0,0,0,0,0,0,0,28,28
Uttar Pradesh,9,Bijnor,132,Kotwali,994,Mukrandpur Rajmal,Bdhapur,90308008,246724,BDHAPUR,ADARSH BAL VIDYALYA,9030800811,Primary,Co. Educational,Private Unaided (Recognized),2002,78.53001,29.522956,Operational,Urban,1,5,,,0,4,0,4,0,15,14,14,17,15,0,0,0,0,0,0,0,75,75
Meghalaya,17,South Garo Hills,277,Chokpot,2472,Ganchikalak  C. R. C.,Ganchi Kalak,170301033,794103,,GANCHIKALAK SECONDARY SCHOOL,17030103306,Secondary Only,Co. Educational,Government Aided,1984,90.34275,25.35925,Operational,Rural,9,10,State Board,,0,2,1,11,0,0,0,0,0,0,0,0,0,16,21,0,0,37,37
Maharashtra,27,Kolhapur,480,Gadhinglaj,4423,Cen Sch J. S. V.M.Kadgaon,Kadagaon,273411046,416502,,JEEVAN SHIKSHAN V.M.KADAGOAN,27341104601,Primary,Co. Educational,Local body,1870,74.308047,16.237923,Operational,Rural,1,4,,,0,5,8,5,0,29,49,30,36,0,0,0,0,0,0,0,0,144,144
Uttar Pradesh,9,Lucknow,162,,None,Ward 23,Uttardhauna,92701058,,WARD 23,DEEPAK PUBLIC SCHOOL,9270105806,Primary with Upper Primary,Co. Educational,Private Unaided (Recognized),2017,81.03046,26.86305,Operational,Urban,1,8,,,0,11,4,11,106,42,20,19,13,9,7,5,2,0,0,0,0,117,223
Odisha,21,Ganjam,354,Sanakhemundi,3383,T.G.Pur,Barigam,211920140,,,BARIGAM P.P.S,21192014001,Primary,Co. Educational,Department of Education,2008,84.399219,19.415732,Operational,Rural,1,5,,,0,2,1,2,0,5,4,2,9,5,0,0,0,0,0,0,0,25,25
Rajasthan,8,Ajmer,86,Sarwar,6860,Uceeo9968- Gsss Sarwar (214228),Np_Sarwar_Ward No 17,82116088,305403,NP_SARWAR - Ward No.- 17,MAD. DARUL ULOOM AHLE SUNNAT FARKIYA,8211608801,Primary,Co. Educational,Madarsa recognized (by Wakf board/Madarsa Board),2003,74.987482,26.354261,Operational,Urban,1,5,,,0,3,2,2,0,2,13,15,13,21,0,0,0,0,0,0,0,64,64
Karnataka,29,Kolar,542,Kolar,5870,Harathi,Patna,291907269,,,GLPS ALLIKUNTE,29190726902,Primary,Co. Educational,Department of Education,1986,78.248,13.064,Operational,Rural,1,5,,,0,2,1,2,0,3,2,6,8,6,0,0,0,0,0,0,0,25,25
Uttar Pradesh,9,Basti,131,Kudaraha,981,Piparpati Mustahkam,Piparpati  Ahatmali,95510047,272301,,P.S. BHARVALIYA,9551004701,Primary,Co. Educational,Department of Education,1985,82.70617,26.62865,Operational,Rural,1,5,,,0,5,0,3,0,18,28,31,14,16,0,0,0,0,0,0,0,107,107
Bihar,10,Buxar,194,Dumraon,1708,M.S.Nenua,Dumraon,103015008,802119,,BANKI BIHARI SNK HS NENUA,10301500829,Pri. Upper Pri. and Secondary Only,Co. Educational,Government Aided,1971,84.113959,25.533788,Operational,Rural,1,10,State Board,,0,3,0,4,0,6,5,5,7,3,4,6,7,6,24,0,0,73,73
Andhra Pradesh,28,Nellore,None,Sullurpet,None,Govt. High School  Sullurpet,Sullurupeta,281945013,,SULLURUPETA,SRI SATYAM HS,28194501336,Upper Pri. and Secondary,Co. Educational,Private Unaided (Recognized),1998,80.0149,13.7065,Operational,Urban,6,8,State Board,CBSE,0,5,13,7,0,0,0,0,0,0,0,0,7,0,0,0,0,7,7
Madhya Pradesh,23,Sheopur,431,Vijaypur,4010,Hhs Ghadi,Gari,230108085,,,MADARSA GRAM GARHI,23010808507,Primary,Co. Educational,Madarsa recognized (by Wakf board/Madarsa Board),2019,77.306397,26.120227,Operational,Rural,1,5,,,0,4,0,2,0,7,4,3,6,7,0,0,0,0,0,0,0,27,27
Madhya Pradesh,23,Singrauli,638,,None,Hrs Rajmilan,Chanchar,235008121,486886,,PS DR. HEDGEWAR CHANCHAR,23500812105,Primary,Co. Educational,Department of Education,1981,82.548862,23.988416,Operational,Rural,1,5,,,0,6,1,2,0,13,23,20,13,16,0,0,0,0,0,0,0,85,85
Andhra Pradesh,28,Krishna,510,Gudivada,5111,Zphs Gangadharapuram,Ramanapudi,281642028,,,MPUPS RAMANAPUDI,28164202801,Primary with Upper Primary,Co. Educational,Local body,1960,80.9999,16.4023,Operational,Rural,1,8,,,0,5,0,6,0,21,9,19,20,19,15,11,11,0,0,0,0,125,125
Jammu and Kashmir,1,Doda,4,,None,Gms Bharthi,Bharthi,10906008,182203,,GUPS BHARTHI,1090600803,Primary with Upper Primary,Co. Educational,Department of Education,1975,75.937929,33.000506,Operational,Rural,1,8,,,1,3,0,3,0,17,19,12,17,15,18,19,33,0,0,0,0,150,150
Assam,18,Dibrugarh,286,Lahoal,2566,Mohanbari,Mohanbari Hindu Gaon,181504042,786012,,MAHATMA LPS,18150404201,Primary,Co. Educational,Department of Education,1987,95.03435,27.463867,Operational,Rural,1,5,,,0,3,0,2,17,16,13,8,17,9,0,0,0,0,0,0,0,63,80
Uttar Pradesh,9,Deoria,137,Rudrapur,1060,Khorma,Khorma,96007024,274204,,K.PRIMARY SCHOOLKHORMA,9600702402,Primary,Co. Educational,Department of Education,2006,83.589497,26.505946,Operational,Rural,1,5,,,0,3,0,3,0,10,22,16,16,12,0,0,0,0,0,0,0,76,76
Odisha,21,Puri,369,,None,Odaguan Project Ups,Ateihuda,211808025,,,ATEIHUDA PROJECT UPS,21180802501,Primary with Upper Primary,Co. Educational,Department of Education,1961,86.094183,20.020821,Operational,Rural,1,8,,,0,4,2,4,0,13,5,7,8,11,16,15,10,0,0,0,0,85,85
Maharashtra,27,Thane,497,Bhiwandi,4590,Khaling,Lap Budruk,272101110,421302,,"Z. P. SCHOOL, SUKALPADA",27210111003,Primary,Co. Educational,Local body,2006,73.131125,19.415538,Operational,Rural,1,4,,,0,2,0,2,0,1,1,9,3,0,0,0,0,0,0,0,0,14,14
Uttar Pradesh,9,Agra,118,Pinahat,815,Varenda,Papari Nagar,91513011,283123,,J.H.S.PAPARI NAGAR (COMPOSITE),9151301102,Primary with Upper Primary,Co. Educational,Department of Education,1965,77.541519,28.45718,Operational,Rural,1,8,,,0,8,0,8,0,29,35,31,54,41,20,51,51,0,0,0,0,312,312
Maharashtra,27,Kolhapur,480,Chandgad,4422,Central Primary School Halkarni,Kaliwade,273412132,416552,,MARATHI VIDYA MANDIR KALIWADE,27341213201,Primary with Upper Primary,Co. Educational,Local body,1959,74.268123,15.869763,Operational,Rural,1,7,,,0,7,0,4,0,13,17,18,13,22,13,18,0,0,0,0,0,114,114
Assam,18,Baksa,616,,None,Balahati,Lokra Barnagar,182401233,781366,,THAPSA BARO BODO LPS,18240123301,Primary,Co. Educational,Department of Education,1987,91.70575,26.5076,Operational,Rural,1,5,,,0,2,0,2,0,5,7,4,3,7,0,0,0,0,0,0,0,26,26
Odisha,21,Bargarh,347,Barpali,3313,Bagbadi Nodal Ups,Piplipali,210104034,,,PIPILIPALI P.S.,21010403401,Primary,Co. Educational,Department of Education,1966,83.630206,21.232563,Operational,Rural,1,5,,,0,2,0,2,0,6,7,12,7,8,0,0,0,0,0,0,0,40,40
Karnataka,29,Mandya,544,Krishnarajpet,5879,Akki Hebbalu,Akki Hebbalu,292201007,,,POORNA CHANDRA VIDYA TRUST AKKIHEBBALU,29220100703,Pri. Upper Pri. and Secondary Only,Co. Educational,Private Unaided (Recognized),1991,76.394167,12.620278,Operational,Rural,1,10,State Board,,0,9,7,6,0,16,30,35,26,31,28,21,5,4,0,0,0,196,196
Kerala,32,Wayanad,567,Mananthavady,6099,Glps Porur,Thavinhal,320301004,670644,,GLPS PORUR,32030100404,Primary,Co. Educational,Department of Education,1949,75.940956,11.797436,Operational,Rural,1,4,,,0,6,2,7,25,21,24,18,24,0,0,0,0,0,0,0,0,87,112
Bihar,10,Madhubani,206,Rahika,1864,M.S. Sapta Sahari,Ward No.-3,100520048,847211,WARD NO.-3,M.S. SAPTA SAHARI,10052004801,Primary with Upper Primary,Co. Educational,Department of Education,1901,86.0636,26.35863,Operational,Urban,1,8,,,0,4,1,15,0,23,34,49,48,55,110,106,112,0,0,0,0,537,537
Chhattisgarh,22,Surajpur,648,Ramanujnagar,3729,Salhi,Patna,222718027,,,GOVT. M.S.PATNA,22271802703,Upper Primary only,Co. Educational,Department of Education,2001,82.8083,23.1528,Operational,Rural,6,8,,,0,3,1,4,0,0,0,0,0,0,15,18,14,0,0,0,0,47,47
Maharashtra,27,Jalna,479,Mantha,4417,Talni,Talni,271806113,431504,,DNYANDEEP PRIMARY SCHOOL TALANI,27180611303,Primary,Co. Educational,Government Aided,1993,76.475721,19.878536,Operational,Rural,1,4,,,0,4,0,3,0,18,12,17,18,0,0,0,0,0,0,0,0,65,65
Uttar Pradesh,9,Fatehpur,142,Vijayipur,1115,Vijai Pur,Garha Khash,94211109,212658,,RAJKIYE I.C.ARJUNPUR GADHA,9421110905,Upper Pri. Secondary and Higher Sec,Co. Educational,Department of Education,1979,81.053056,25.580672,Operational,Rural,6,12,State Board,State Board,0,7,7,6,0,0,0,0,0,0,36,98,93,91,54,29,45,446,446
Gujarat,24,Banas Kantha,441,Deodar,4084,Paldi,Mojru Juna,240206045,385330,,JALSANGPURA (MO.JU),24020604504,Primary,Co. Educational,Local body,2007,71.781717,24.21567,Operational,Rural,1,5,,,0,3,0,2,0,7,13,6,7,6,0,0,0,0,0,0,0,39,39
Chhattisgarh,22,Baloda Bazar,644,Kasdol,3703,Rikokala,Chandan,222412218,,,GOVT HIGHER SECONDARY SCHOOL CHANDAN,22241221805,Secondary with Higher Secondary,Co. Educational,Department of Education,1971,82.6375,21.3856,Operational,Rural,9,12,State Board,State Board,0,7,7,10,0,0,0,0,0,0,0,0,0,99,89,161,192,541,541
Punjab,3,Hoshiarpur,33,,None,Gps  Satnaur,Saila Khurd,30503078,,,GPS SAILA KHURD,3050307801,Primary,Co. Educational,Department of Education,1959,76.074256,31.294152,Operational,Rural,1,5,,,0,3,0,3,82,32,32,16,21,25,0,0,0,0,0,0,0,126,208
Uttar Pradesh,9,Kheri,159,Bankeyganj,1294,Grant No. 10,Annapur,92315109,262802,,UPS ANNAPUR COMPOSIT (1 TO 8),9231510902,Primary with Upper Primary,Co. Educational,Department of Education,1998,80.438333,28.210556,Operational,Rural,1,8,,,0,8,1,8,0,22,19,25,20,13,26,24,33,0,0,0,0,182,182
Uttar Pradesh,9,Kanpur Nagar,157,,None,Crc Naubasta,Naubasta East,93421022,208023,NAUBASTA EAST,JAI MA SARASWATI S.M. GANGAPUR,9341800173,Primary,Co. Educational,Private Unaided (Recognized),2002,80.339098,26.399127,Operational,Urban,1,5,,,0,10,2,5,0,18,10,13,16,18,0,0,0,0,0,0,0,75,75
Chhattisgarh,22,Raipur,387,Arang,3694,Crc Todgaon,Badgaon,221122038,,,GOVT MIDDLE SCHOOL BADGAON,22112203803,Upper Primary only,Co. Educational,Department of Education,1967,81.8447,21.2881,Operational,Rural,6,8,,,0,5,1,6,0,0,0,0,0,0,50,54,53,0,0,0,0,157,157
Uttar Pradesh,9,Balrampur,127,Utraula,933,Utraula Grameen,Utraula Grameen,95226013,271604,,"MADARSA  MAQTABAI  IMAMIYA,  UTRAULA",9522601307,Primary with Upper Primary,Co. Educational,Madarsa unrecognized,2010,82.41797,27.31967,Operational,Rural,1,8,,,0,5,0,3,0,20,14,11,7,5,0,0,0,0,0,0,0,57,57
Tamil Nadu,33,Kanchipuram,574,,None,"Pums, Kattankolathur",Maraimalai Nagar,330307051,,Maraimalai Nagar,PUPS KATTANKOLATHUR,33030705120,Primary,Co. Educational,Department of Education,1958,80.030087,12.811714,Operational,Rural,1,5,,,1,6,0,6,0,32,47,60,64,57,0,0,0,0,0,0,0,260,260
Gujarat,24,Kachchh,449,Rapar,4155,Ramvav,Ramvav,240102053,370165,,SHREE SARASWATI VINAY MANDIR,24010205310,Secondary Only,Co. Educational,Government Aided,1994,70.468262,23.550848,Operational,Rural,9,10,State Board,,0,2,0,4,0,0,0,0,0,0,0,0,0,74,99,0,0,173,173
Haryana,6,Fatehabad,61,Fatehabad,471,Gsss Fatehabad,Bhodia Khera,61001012,125050,,RAMA KRISHNA SR.SEC. SCHOOL,6100101204,Pri. with Upper Pri. Sec. and H.Sec.,Co. Educational,Private Unaided (Recognized),1997,75.415645,29.486602,Operational,Rural,1,12,CBSE,CBSE,0,18,11,15,24,12,22,17,6,12,21,18,20,18,18,10,16,190,214
Maharashtra,27,Bid,None,Wadwani,None,Chinchvan,Kunde Wadi,272711092,431124,,ZPPS KUNDE WADI,27271109201,Primary,Co. Educational,Local body,1971,75.998679,18.901425,Operational,Rural,1,5,,,0,2,0,2,0,4,5,7,4,3,0,0,0,0,0,0,0,23,23
Madhya Pradesh,23,Hoshangabad,None,Babai,None,Ghs Aari,Bhanpur,233702039,461661,,GMS BHANPUR,23370203902,Primary with Upper Primary,Co. Educational,Department of Education,2003,77.928484,22.745752,Operational,Rural,1,8,,,0,5,0,4,0,6,2,2,3,5,4,7,8,0,0,0,0,37,37
Andhra Pradesh,28,Visakhapatanam,520,,None,Govt Tw Ashram School(G) Ananthagiri-1,Diguvasonabha,281306280,,,GOVT PS (TW) DIGUVASONABHA,28130628001,Primary,Co. Educational,Tribal Welfare Department,1986,83.0042,18.2392,Operational,Rural,1,5,,,0,1,0,1,25,25,22,0,0,0,0,0,0,0,0,0,0,47,72
Madhya Pradesh,23,Agar Malwa,667,Barod,4001,Hs Jamli,Rozhani,235101005,465441,,M.S. ROZHANI,23510100502,Primary with Upper Primary,Co. Educational,Department of Education,1973,75.937844,23.706555,Operational,Rural,1,8,,,0,8,2,4,0,13,15,18,19,18,28,41,38,0,0,0,0,190,190
Karnataka,29,Chamarajanagara,531,,None,P.G.Palya,Koramana Kathri,292713100,,,GLPS  KORAMANA KATHRI,29271310001,Primary,Co. Educational,Department of Education,1979,77.261667,11.877778,Operational,Rural,1,5,,,0,2,0,2,0,6,5,2,1,4,0,0,0,0,0,0,0,18,18
Gujarat,24,Junagadh,448,Mangrol,4138,Limda,Mangrol,241207064,362225,MANGROL,SUNIDHI SADBHAV KANYA VINAY MANDIR -MANGROL,24120706469,Secondary with Higher Secondary,Girls Only,Local body,1956,70.114658,21.12275,Operational,Urban,9,12,State Board,State Board,0,11,5,17,0,0,0,0,0,0,0,0,0,179,192,143,164,678,678
Uttar Pradesh,9,Balrampur,127,Tulsipur,932,Maharajganj Tarai,Maharajganj Tarai,95220036,271205,,COMPOSITE SCHOOL MARAJGANJ TARAI II,9522003603,Primary with Upper Primary,Girls Only,Department of Education,1962,82.272402,27.544329,Operational,Rural,1,8,,,0,12,0,4,0,40,85,82,56,38,31,27,23,0,0,0,0,382,382
West Bengal,19,Howrah,313,Amta-I,2905,Chandrapur Bd Pry,Chandrapur/I,191601123,,,HEDAYET ALI KHAN MSK,19160112302,Upper Primary only,Co. Educational,Department of Education,2003,88.0344,22.5637,Operational,Rural,5,8,,,0,4,4,3,0,0,0,0,0,44,32,39,27,0,0,0,0,142,142
Maharashtra,27,Nagpur,484,Katol,4448,Pardsinga,Masli,270902018,441305,,"Z.P.UPS, MASLI",27090201801,Primary with Upper Primary,Co. Educational,Local body,1949,78.52041,21.330717,Operational,Rural,1,7,,,0,4,3,4,0,11,9,4,10,5,7,5,0,0,0,0,0,51,51
Uttar Pradesh,9,Budaun,133,Jagat,1006,Khunak,Khunak,91906018,243601,,SHANTI DEVI MEMO. PUBLIC SCHOOL KHUNAK,9190601810,Primary,Co. Educational,Private Unaided (Recognized),2005,79.2567,28.37,Operational,Rural,1,5,,,0,5,0,5,0,10,8,9,13,7,0,0,0,0,0,0,0,47,47
Uttar Pradesh,9,Banda,128,,None,Baraimanpur,Kolawal Raipur,94003049,210120,,P S MANPUR KHURD,9400304902,Primary,Co. Educational,Department of Education,2001,80.400867,25.255718,Operational,Rural,1,5,,,0,4,0,2,0,6,12,4,8,6,0,0,0,0,0,0,0,36,36
Karnataka,29,Mysuru,545,,None,N.R Mohalla,Ward-45,292607049,,WARD-45,WISDOM VALLEY SCHOOL,29260705014,Primary with Upper Primary,Co. Educational,Private Unaided (Recognized),2009,76.101389,12.576111,Operational,Urban,1,8,,,1,12,3,7,42,17,22,24,28,16,20,17,11,0,0,0,0,155,197
Karnataka,29,Vijayapura,530,Basavana Bagewadi,5793,Chimmalagi,Shikalwadgi,290303107,,,GOVT KBHPS SHIKALAWADI,29030310701,Primary with Upper Primary,Co. Educational,Department of Education,1964,75.840556,16.420833,Operational,Rural,1,7,,,0,4,1,5,0,12,16,16,15,12,9,7,0,0,0,0,0,87,87
Rajasthan,8,Sirohi,115,Abu Road,781,Peeo8965- Gsss Deldar (213894),Delder,81902046,307026,,G.P.S.  KOTIAFALI,8190204604,Primary,Co. Educational,Local body,2002,72.846551,24.515623,Operational,Rural,1,5,,,0,3,2,2,0,13,8,18,11,7,0,0,0,0,0,0,0,57,57
West Bengal,19,Murshidabad,319,Beldanga-Ii,3002,Beldanga East,Rampara-Ii/Iii,190707053,,,REJINAGAR -I PRY,19070705302,Primary,Co. Educational,Department of Education,1942,88.22888,23.83055,Operational,Rural,1,4,,,0,7,0,12,106,113,121,127,124,0,0,0,0,0,0,0,0,485,591
Gujarat,24,Sabar Kantha,458,Idar,4223,Idar-2,Panol,240504098,383430,,GADHIYA VASAHAT SCH,24050409802,Primary,Co. Educational,Local body,1997,73.033632,23.865496,Operational,Rural,1,5,,,0,2,0,2,0,2,7,5,4,6,0,0,0,0,0,0,0,24,24
Tamil Nadu,33,Vellore,595,,None,Thenkadapanthankal,Edakuppam,330405044,,,SRI KRISH VIDHYALAYA NURSERY AND PRIMARY,33040504401,Primary,Co. Educational,Private Unaided (Recognized),2015,79.37674,12.92444,Operational,Urban,1,5,,,0,4,1,0,0,0,0,0,0,0,0,0,0,0,0,0,0,0,0
Meghalaya,17,West Khasi Hills,279,Nongstoin,2487,Nonglwai Crc,Nonglwai Ii,170402072,793119,,LAMJINGSHAI LPS,17040207202,Primary,Co. Educational,Department of Education,2003,91.931944,25.2925,Operational,Rural,1,5,,,0,5,0,2,22,24,5,9,9,6,0,0,0,0,0,0,0,53,75
Gujarat,24,Kheda,450,Galteshwar,7128,Vadad,Vadad,241611086,388250,,VADAD P.S.,24161108601,Primary with Upper Primary,Co. Educational,Local body,1865,73.267808,22.842736,Operational,Rural,1,8,,,0,16,0,15,0,67,63,54,67,73,83,68,76,0,0,0,0,551,551
Telangana,36,Kamareddy,685,Rajampet,7214,Zphs Boys Rajampet,Rajampet,361516006,,,SRI SHARADA SHISHUMANDIR,36151600610,Primary with Upper Primary,Co. Educational,Private Unaided (Recognized),1993,78.335648,18.262714,Operational,Rural,1,8,,,0,8,1,6,0,0,1,7,9,7,6,2,0,0,0,0,0,32,32
Maharashtra,27,Solapur,496,Madha,4581,Pimpalner,Pimpalner,273004076,413210,,ZPPS  PIMPALNER,27300407603,Primary,Co. Educational,Local body,1870,75.286242,18.047985,Operational,Rural,1,4,,,0,8,0,7,0,44,39,56,64,0,0,0,0,0,0,0,0,203,203
Odisha,21,Mayurbhanj,365,Sukruli,3508,Haladia,Haladia,210722034,,,GOVT. UPS. HALADIA,21072203402,Primary with Upper Primary,Co. Educational,Department of Education,1954,85.9069,21.881447,Operational,Rural,1,8,,,0,8,0,7,0,19,14,16,18,25,13,21,24,0,0,0,0,150,150
Odisha,21,Balasore,None,Simulia,None,"Dasabhuja Nodal High School,Kanheibindha",Dadhibamanpur,210811087,,,DADHIBAMANPUR PS,21081108701,Primary,Co. Educational,Department of Education,1980,86.647945,21.137903,Operational,Rural,1,5,,,0,3,2,6,0,4,6,13,10,5,0,0,0,0,0,0,0,38,38
Andhra Pradesh,28,Chittoor,503,Gudupalle,4760,Zphs Settipalle,Settipalle,282365023,,,MPPS C.SETTIPALLE,28236502303,Primary,Co. Educational,Local body,1997,78.3564,12.7798,Operational,Rural,1,5,,,0,2,0,1,0,8,8,5,4,4,0,0,0,0,0,0,0,29,29
Maharashtra,27,Nagpur,484,,None,Rohan Vdy-Gyaneshwr Nagar,Hanuman Nagar,270914092,440009,HANUMAN NAGAR,JIVAN  SHIKSHAN PRY SCH,27091409205,Primary,Co. Educational,Government Aided,1960,79.10041,21.133912,Operational,Urban,1,4,,,0,4,4,3,0,14,16,23,16,0,0,0,0,0,0,0,0,69,69
Uttar Pradesh,9,Gorakhpur,148,Uruwa,1187,Mahilwar,Bhitee,95818078,273403,,"P.S., BHITEE",9581807801,Primary,Co. Educational,Department of Education,1966,83.405172,26.534657,Operational,Rural,1,5,,,0,5,0,2,0,14,12,17,13,13,0,0,0,0,0,0,0,69,69
Maharashtra,27,Amravati,468,Amravati,4299,Nandura Bk,Takli Jahagir,270702061,444801,,Z P PRE MID SCHOOL TAKLI JAHAGIR,27070206101,Primary with Upper Primary,Co. Educational,Local body,1914,77.774199,20.996703,Operational,Rural,1,7,,,0,5,3,4,0,10,6,5,11,15,15,17,0,0,0,0,0,79,79
Maharashtra,27,Osmanabad,488,Omerga,4497,Kesarjawalga,Alur,272904002,413605,,"ZILLA PARISHAD PRIMARY SCHOOL, INDRANAGAR,ALUR",27290400206,Primary,Co. Educational,Local body,1997,76.417285,17.706033,Operational,Rural,1,5,,,0,2,1,2,0,2,4,2,3,3,0,0,0,0,0,0,0,14,14
Maharashtra,27,Amravati,468,Chikhaldara,4304,Katkumbh,Koylari,270706108,444807,,TANAJI MALUSARE MADHYAMIK VID KOYLARI,27070610802,Upper Pri. and Secondary,Co. Educational,Government Aided,2000,77.528312,21.568926,Operational,Rural,8,10,State Board,,0,3,3,5,0,0,0,0,0,0,0,0,19,21,30,0,0,70,70
Tamil Nadu,33,Vellore,595,,None,"Adw Hrss, Pernambut",Pernambut,330416010,,PERNAMBUT,NUSRATHUL ISLAM AIDED PRIMARY SCHOOL,33041601005,Primary,Co. Educational,Government Aided,1967,78.716763,12.935743,Operational,Rural,1,5,,,1,22,1,18,0,153,145,193,178,206,0,0,0,0,0,0,0,875,875
Madhya Pradesh,23,Betul,394,Shahpur,3770,Hs Kesiya,Rampur Raiyat,233510114,460001,,PS(U) BADA DHANA,23351011402,Primary,Co. Educational,Tribal Welfare Department,1997,77.817897,22.087434,Operational,Rural,1,5,,,0,1,0,2,0,0,10,10,11,7,0,0,0,0,0,0,0,38,38
Telangana,36,Hyderabad,507,Amberpet,4980,Gbhs Azampura-Ii,Hyderabad M.Cporporation-3,362204908,,HYDERABAD M.CPORPORATION-3,"SAINT OWAIS CENTURY HIGH SCHOOL,OLD MALAKPET",36220490812,Pri. Upper Pri. and Secondary Only,Co. Educational,Private Unaided (Recognized),2000,78.503178,17.383839,Operational,Urban,1,10,State Board,,1,9,4,12,26,45,61,69,87,82,84,68,60,79,58,0,0,693,719
Assam,18,Kokrajhar,294,Kokrajhar,2638,Salakati,Salakati,180105004,783369,,"SALAKATI COLLEGE (JR.), SALAKATI",18010500413,Higher Secondary only/Jr. College,Co. Educational,Unrecognized,2005,90.34925,26.44345,Operational,Rural,11,12,,State Board,1,3,6,10,0,0,0,0,0,0,0,0,0,0,0,116,83,199,199
Karnataka,29,Dakshina Kannada,534,,None,Pilaru,Someshwara,292406065,,,UCHIL BOVIS HIGHER PRIMARY SCHOOL SOMESHWARA,29240606509,Primary with Upper Primary,Co. Educational,Government Aided,1918,74.859722,12.779167,Operational,Rural,1,7,,,0,7,3,2,0,3,8,6,12,8,6,18,0,0,0,0,0,61,61
Bihar,10,Bhagalpur,192,Pirpainti,1683,M.S.Khawaspur,Ikchari Diara,102226049,813222,,GIRL P.S. MUSHAHARI,10222604902,Primary,Co. Educational,Department of Education,1965,87.3561,25.3593,Operational,Rural,1,5,,,0,6,0,5,0,92,67,45,51,79,0,0,0,0,0,0,0,334,334
Rajasthan,8,Churu,96,Sujangarh,658,Uceeo9991- Gsss Ward No.19 Sujangarh (215525),Npsujangarh_Ward No 5,80405182,331507,ND_SUJANGARH - Ward No.- 05,MOLANA AJAD PUBLIC SIKSHAN SANSTHAN SUJANGARH,8040518203,Primary with Upper Primary,Co. Educational,Private Unaided (Recognized),2012,74.519137,28.438934,Operational,Urban,1,8,,,0,8,3,5,0,30,59,42,27,26,52,35,0,0,0,0,0,271,271
Bihar,10,Araria,188,Narpatganj,1629,M.S.Mirdol,Mirdaul,100719038,854335,,UHS MIRDAUL,10071903801,Pri. Upper Pri. and Secondary Only,Co. Educational,Department of Education,1949,87.1103,26.2131,Operational,Rural,1,10,Others,,0,12,5,8,0,61,107,92,72,89,114,125,97,91,87,0,0,935,935
Tripura,16,Dhalai,269,Dumburnagar,2412,Much Kumbir M.R Para S.B School,Laxmipur,160302016,799284,,MUCH KUMBIR M-R PARA HIGH SCHOOL,16030201603,Pri. Upper Pri. and Secondary Only,Co. Educational,Department of Education,1980,91.80006,23.59401,Operational,Rural,1,10,State Board,,0,6,0,13,0,17,14,9,11,12,32,35,23,82,46,0,0,281,281
Madhya Pradesh,23,Niwari,722,Niwari,4029,Ghss No1 Niwari,Niwari [Np],235203156,472442,NIWARI [NP],GPS HARSHMAU,23520315608,Primary,Co. Educational,Department of Education,1952,78.7986,25.3697,Operational,Urban,1,5,,,0,3,0,2,0,10,16,10,31,12,0,0,0,0,0,0,0,79,79
Uttar Pradesh,9,Ghazipur,146,Mohammadabad,1146,Sherpur,Sherpur Kala,96515026,233227,,SHID S.I.COLLEGE SHERPUR,9651502612,Upper Pri. Secondary and Higher Sec,Co. Educational,Government Aided,1962,83.4317,25.325,Operational,Rural,6,12,State Board,State Board,0,9,4,4,0,0,0,0,0,0,4,1,1,133,138,32,33,342,342
Gujarat,24,Navsari,453,Jalalpore,4181,Panar,Panar,242403051,396460,,PRIMARY SCHOOL CHORMALA BHATHA,24240305103,Primary with Upper Primary,Co. Educational,Local body,1939,72.861228,20.812778,Operational,Rural,1,7,,,0,4,2,3,0,5,5,5,4,5,7,8,0,0,0,0,0,39,39
West Bengal,19,Dinajpur Uttar,311,Itahar,2883,Bariol Raisuddin A High School,Surun - I - V,190409005,,,SURUN F.P SCHOOL,19040900502,Primary,Co. Educational,Department of Education,1943,88.09785,25.50952,Operational,Rural,1,5,,,0,10,0,10,47,58,59,60,55,32,0,0,0,0,0,0,0,264,311
Chhattisgarh,22,Bastar,374,Bastanar,3592,Aadwal,Adwal,221530076,,,GOVT.UPS.KUMARSADARA,22153007601,Upper Primary only,Co. Educational,Department of Education,2006,81.6525,18.9217,Operational,Rural,6,8,,,0,3,2,2,0,0,0,0,0,0,0,11,13,0,0,0,0,24,24
Madhya Pradesh,23,Sagar,425,Rahatgarh,3970,Ghss Sihora (23110809709),Sihora,231108097,470120,,GOVT HSS SIHORA,23110809709,Upper Pri. Secondary and Higher Sec,Co. Educational,Department of Education,1984,78.574709,23.791902,Operational,Rural,6,12,State Board,State Board,0,9,2,15,0,0,0,0,0,0,67,58,71,146,124,148,134,748,748
Bihar,10,Katihar,201,Kadwa,1806,Ums Bharri Hat,Gandhi Tola Bharri,101010164,855113,,RAJENDRA PRASAD SAH PS HARIJAN TOLA BHARRI,10101016401,Primary,Co. Educational,Department of Education,2007,87.737957,25.672752,Operational,Rural,1,5,,,0,6,0,2,0,17,14,14,19,6,0,0,0,0,0,0,0,70,70
Madhya Pradesh,23,Jhabua,412,Jhabua,3875,Hss Kalyanpura,Bisouli,232408013,457779,,P S     BISOULI  S-2,23240801302,Primary,Co. Educational,Tribal Welfare Department,1992,74.664231,22.858032,Operational,Rural,1,5,,,0,4,0,3,0,21,16,25,21,16,0,0,0,0,0,0,0,99,99
Rajasthan,8,Sirohi,115,Abu Road,781,Peeo8980- Gsss Ore (213882),Ore,81902019,307026,,G.P.S. BHATANIFALI,8190201905,Primary,Co. Educational,Local body,1999,72.831695,24.488969,Operational,Rural,1,5,,,0,4,1,2,0,16,19,10,15,18,0,0,0,0,0,0,0,78,78
Uttarakhand,5,Pauri,None,Nainidanda,None,Uthinda Goun,Nainidanda,50613085,246161,,SSM NAINIDANDA,5061308502,Primary,Co. Educational,Private Unaided (Recognized),2000,79.0307,29.6823,Operational,Rural,1,5,,,0,3,0,5,0,7,5,4,5,5,0,0,0,0,0,0,0,26,26
Madhya Pradesh,23,Ratlam,423,Alot,3948,Govt Boys Hss Alote,Khaspura,232001051,457114,,K.P.S.KHASPURA,23200105101,Primary,Co. Educational,Department of Education,1991,75.496955,23.756051,Operational,Rural,1,5,,,0,3,0,2,0,9,12,13,18,9,0,0,0,0,0,0,0,61,61
Jharkhand,20,Godda,330,Poraiyahat,3148,Govt M.S Danrhe,Danre,200805133,814153,,GOVT PS DANRE BOYS,20080513306,Primary,Co. Educational,Department of Education,1931,87.090361,24.734917,Operational,Rural,1,5,,,0,6,0,3,0,11,31,33,38,34,0,0,0,0,0,0,0,147,147
Rajasthan,8,Jaipur,102,Andhi,7440,Peeo5190- Gsss Tholai (218683),Tolupura,81207177,303001,,GOVT SAN UPS TOLUPURA,8120717701,Primary with Upper Primary,Co. Educational,Department of Education,1990,76.142973,27.041573,Operational,Rural,1,8,,,0,5,1,5,0,9,10,6,7,5,12,14,8,0,0,0,0,71,71
Rajasthan,8,Chittorgarh,95,Chittorgarh,647,Peeo3226- Gsss Netawalgarh Pachhali (224150),Dhadan,82905035,312001,,GOVT. P.S. RAM CHOUK,8290503502,Primary,Co. Educational,Local body,2002,74.772581,25.020283,Operational,Rural,1,5,,,0,2,1,1,0,5,4,3,3,3,0,0,0,0,0,0,0,18,18
Chhattisgarh,22,Jashpur,380,Kansabel,3653,Semarkachhar,Tilnga,220308058,,,GOVT. PS. TILANGA (TWD),22030805801,Primary,Co. Educational,Department of Education,1948,83.8083,22.5569,Operational,Rural,1,5,,,0,3,1,2,0,8,11,9,11,10,0,0,0,0,0,0,0,49,49
Maharashtra,27,Buldhana,472,,None,Loni Gavali,Ghat Bori,270408074,443301,,GOVT. MIDD. ASHRAM SCHOOL,27040807403,Pri. Upper Pri. and Secondary Only,Co. Educational,Tribal Welfare Department,1981,76.693671,20.317016,Operational,Rural,5,10,State Board,,0,7,6,5,0,0,0,0,0,18,32,41,52,48,36,0,0,227,227
Uttar Pradesh,9,Kaushambi,158,,None,Mahgawan,Mohiddinpur Gaus,94406042,212213,,P.S. MOHIDDINPUR GAUS,9440604201,Primary,Co. Educational,Department of Education,1978,81.629503,25.556205,Operational,Rural,1,5,,,0,6,0,7,0,30,36,41,29,25,0,0,0,0,0,0,0,161,161
Assam,18,Sonitpur,301,Balipara,2703,Bandar Mari 1,Sarakahat,181103029,784153,,PURANI HATKHOLA LPS,18110302901,Primary,Co. Educational,Department of Education,1958,92.809833,26.83825,Operational,Rural,1,5,,,0,6,0,5,5,14,13,12,16,14,0,0,0,0,0,0,0,69,74
Punjab,3,Ludhiana,36,,None,Gps Chhorian,Sherpur Bet,30907098,,,GHS SHERPUR BET,3090709802,Upper Pri. and Secondary,Co. Educational,Department of Education,1956,76.304346,30.936906,Operational,Rural,6,10,State Board,,0,3,4,9,0,0,0,0,0,0,28,24,35,55,49,0,0,191,191
Karnataka,29,Ballari,528,,None,Chilakana Hatti,Chilakanahatti,291205010,,,GHPS CHILAKANA HATTI,29120501001,Primary with Upper Primary,Co. Educational,Department of Education,1932,76.348611,15.74722,Operational,Rural,1,7,,,0,7,0,8,0,51,41,40,36,38,46,31,0,0,0,0,0,283,283
Telangana,36,Khammam,509,Singareni,5087,Zphs Viswanadhapally,Usirikayalapalle,363101003,,,"BHAGYANAGAR SCHOOL (EM), BHAGYANAGAR TANDA",36310100326,Primary with Upper Primary,Co. Educational,Private Unaided (Recognized),1993,80.309224,17.547929,Operational,Rural,1,8,,,0,7,2,7,0,11,24,18,16,28,3,0,0,0,0,0,0,100,100
Assam,18,Barpeta,280,,None,Joypur Crc,Kismat Moin Bari Khandakarpara,180501071,781321,,1386 KISMOT MAINBARI  NATUAR PAPA LPS,18050107101,Primary,Co. Educational,Department of Education,1972,90.738317,26.2546,Operational,Rural,1,5,,,0,3,0,5,0,34,35,32,33,36,0,0,0,0,0,0,0,170,170
Kerala,32,Palakkad,563,,None,Alps Kayiliad,Chalavara,320612003,679505,,AUPS CHALAVARA,32061200309,Primary with Upper Primary,Co. Educational,Government Aided,1902,76.29933,10.82435,Operational,Rural,1,7,,,0,16,3,21,32,48,46,50,48,69,65,82,0,0,0,0,0,408,440
Chhattisgarh,22,Korba,383,,None,Rawa,Khodri,220523006,,,GOVT MIDDLE SCHOOL KHODRI (RAWA),22052300608,Upper Primary only,Co. Educational,Department of Education,2004,82.6111,22.5806,Operational,Rural,6,8,,,0,2,2,3,0,0,0,0,0,0,50,38,30,0,0,0,0,118,118
Assam,18,Cachar,282,Sonai,2520,Dakshin Krishnapur,Uttar Krishna Pur,182107048,788006,,MD.YASIN CHOUDHURY HIGH SCHOOL,18210704803,Upper Pri. and Secondary,Co. Educational,Department of Education,1982,92.8098,24.788633,Operational,Rural,6,10,State Board,,0,14,14,17,0,0,0,0,0,0,135,106,129,280,106,0,0,756,756
Madhya Pradesh,23,Umaria,436,Manpur,4040,Hs Chinsura,Hardi,231509066,484661,,UMS ASHRAM HARDI,23150906602,Upper Primary only,Co. Educational,Department of Education,2011,81.113135,23.950358,Operational,Rural,6,8,,,0,3,0,1,0,0,0,0,0,0,14,21,28,0,0,0,0,63,63
Maharashtra,27,Raigarh (Maharashtra),None,Mhasala,None,Kanghar,Kanghar,272406025,402105,,R.Z.P. SCHOOL KANGHAR,27240602501,Primary with Upper Primary,Co. Educational,Local body,1948,73.279608,18.0741,Operational,Rural,1,7,,,0,7,3,3,0,5,6,5,6,3,7,6,0,0,0,0,0,38,38
Uttar Pradesh,9,Budaun,133,Dataganj,1003,Azampur,Dehla Nagla,91908070,243635,,PS. DEHLA NAGLA,9190807001,Primary,Co. Educational,Department of Education,1997,79.230689,27.954047,Operational,Rural,1,5,,,0,4,1,6,0,11,15,13,11,13,0,0,0,0,0,0,0,63,63
Andhra Pradesh,28,Guntur,506,,None,Zphs Nemalipuri,Nemalipuri,281716001,,,MPPS (U) NEMALIPURI,28171600106,Primary,Co. Educational,Local body,2002,80.0409,16.538,Operational,Rural,1,5,,,0,2,0,2,0,4,5,12,3,4,0,0,0,0,0,0,0,28,28
Rajasthan,8,Nagaur,110,Parbatsar,749,Peeo7659- Gsss Bhadwa (219552),Huldhani,81404044,341501,,GSS HULDHANI,8140404401,Pri. Upper Pri. and Secondary Only,Co. Educational,Department of Education,1964,74.66162,26.903943,Operational,Rural,1,10,State Board,,0,4,3,11,0,15,29,20,24,16,19,12,25,16,35,0,0,211,211
Chhattisgarh,22,Mungeli,647,Lormi,3608,Lormi(N.P.),Majhgaon,221912155,,MAJHGAON,PS TO MS GOVT MAJHGAON,22191215502,Upper Primary only,Co. Educational,Department of Education,2003,81.6856,22.2664,Operational,Urban,6,8,,,0,3,0,4,0,0,0,0,0,0,12,17,2,0,0,0,0,31,31
Maharashtra,27,Parbhani,489,Gangakhed,4502,Suppa,Anandwadi 1,271701120,431514,,ZPPS ANANDWADI 1,27170112001,Primary,Co. Educational,Local body,1960,76.721725,18.753482,Operational,Rural,1,4,,,0,4,0,2,0,5,5,8,4,0,0,0,0,0,0,0,0,22,22
Uttar Pradesh,9,Jaunpur,152,Dharma Pur,1226,Dev Chand Pur,Devchandpur,96403048,222001,DEVCHANDPUR,SHREE SHEETLA DEVI U.M.V. SHEETLA CHAUKIYA,9640304809,Upper Primary only,Co. Educational,Private Unaided (Recognized),1968,82.9,26,Operational,Urban,6,8,,,0,6,0,6,0,0,0,0,0,0,39,65,65,0,0,0,0,169,169
Uttar Pradesh,9,Balrampur,127,Harriya Satgharwa,928,Singhpur,Lakhanipur,95221127,271207,,P.S. LAXMANPUR DHARAMPUR,9522112701,Primary,Co. Educational,Department of Education,2004,82.154476,27.59217,Operational,Rural,1,5,,,0,5,0,3,0,32,30,30,30,23,0,0,0,0,0,0,0,145,145
Manipur,14,Imphal East,255,,None,Kongpal Imp. Mor. Jr. H/S,Kshetri Bengoon,140702017,795010,,NOOR ALI PRIMARY MADRASSA,14070201702,Primary,Co. Educational,Department of Education,1952,93.9737,24.80055,Operational,Rural,1,5,,,0,3,1,5,0,5,3,3,1,0,0,0,0,0,0,0,0,12,12
Karnataka,29,Kolar,542,Mulbagal,5872,Emmenatha,Kannasandra,291910152,,,GLPS KARADAGURU,29191015202,Primary,Co. Educational,Department of Education,1997,78.409,13.081,Operational,Rural,1,5,,,0,2,0,1,0,10,5,7,4,6,0,0,0,0,0,0,0,32,32
Chhattisgarh,22,Gariyaband,645,Gariyaband,3702,Parsuli,Koundkera,222519126,,,GOVT P S KHEDITIKRA (SSA),22251912603,Primary,Co. Educational,Department of Education,2006,82.1511,20.6647,Operational,Rural,1,5,,,0,3,1,2,0,2,1,2,5,1,0,0,0,0,0,0,0,11,11
Madhya Pradesh,23,Dewas,402,,None,Govt.Boys Hss Tonkkhurd,Amona,232302006,455116,,ADARASH S.G.M. AMONA,23230200606,Primary with Upper Primary,Co. Educational,Private Unaided (Recognized),2007,76.252848,23.146539,Operational,Rural,1,8,,,0,8,5,9,0,9,16,25,16,11,21,17,19,0,0,0,0,134,134
Uttar Pradesh,9,Ballia,126,Navanagar,919,Sisotar,Misraulia,96305104,277303,,P S MISRAULIA,9630510401,Primary,Co. Educational,Department of Education,2008,84.034864,26.067787,Operational,Rural,1,5,,,0,5,0,4,0,9,8,4,6,10,0,0,0,0,0,0,0,37,37
Madhya Pradesh,23,Balaghat,392,,None,Lalburra Excelence New Js,Bagholi,234506088,481441,,STAR CONVENT ENGLISH SCHOOL BAGHOLI,23450608806,Primary with Upper Primary,Co. Educational,Private Unaided (Recognized),2017,80.08745,21.88235,Operational,Rural,1,8,,,0,10,1,8,34,27,24,8,2,3,4,2,1,0,0,0,0,71,105
Punjab,3,Ferozepur,31,Ghall Khurd,244,Gps Talwandi Bhai,Dhana Shahib,31109065,,,GPS DHANA SHAHID,3110906501,Primary,Co. Educational,Department of Education,1949,74.899413,30.897912,Operational,Rural,1,5,,,0,3,0,2,14,4,12,7,2,5,0,0,0,0,0,0,0,30,44
Madhya Pradesh,23,Chhatarpur,398,Nowgong,3787,Hss (Nehru) Maharajpur,Maharajpur Ward 4 Ghera Purwa,230907088,471501,MAHARAJPUR WARD 4 GHERA PURWA,DHRUV TARA REGI SCH MAHARAJPUR,23090708802,Pri. Upper Pri. and Secondary Only,Co. Educational,Private Unaided (Recognized),2007,79.708837,25.025531,Operational,Urban,1,10,State Board,,6,15,5,11,24,14,38,16,45,34,27,29,26,9,12,0,0,250,274
Bihar,10,Siwan,222,Nautan,2120,M.S. Jagdishpur,Dewan Chak,101618010,841243,,P.S. DEWAN CHAK,10161801001,Primary,Co. Educational,Department of Education,1988,84.1947,26.3618,Operational,Rural,1,5,,,0,5,0,5,0,37,13,18,17,18,0,0,0,0,0,0,0,103,103
Madhya Pradesh,23,Ratlam,423,Bajna,3949,Govt Hss  Ravti ,Sinduriya,232002200,457769,,UGES MAHUDIPADA,23200220005,Primary,Co. Educational,Tribal Welfare Department,1996,74.857232,23.234671,Operational,Rural,1,5,,,0,2,0,2,0,13,7,8,10,7,0,0,0,0,0,0,0,45,45
Madhya Pradesh,23,Morena,417,,None,Ghs Barrend (23020500111),Chinnoni Chambal,230205003,476224,,GOVT. P.S. AMALIPURA,23020500305,Primary,Co. Educational,Department of Education,2010,77.546432,26.412581,Operational,Rural,1,5,,,0,2,2,2,0,7,8,6,5,3,0,0,0,0,0,0,0,29,29
Chhattisgarh,22,Surguja,389,Lundra,3723,Amdi,Amdi,220205023,,,P.S. AMDI,22020502301,Primary,Co. Educational,Department of Education,1962,83.4128,23.2297,Operational,Rural,1,5,,,0,3,3,2,0,3,8,6,7,12,0,0,0,0,0,0,0,36,36
Gujarat,24,Banas Kantha,441,,None,Jegol,Kotda(Jegol),240204027,385505,,KOTDA(JEGOL) PRI. SCH.,24020402701,Primary,Co. Educational,Local body,1955,72.342854,24.436221,Operational,Rural,1,5,,,0,5,0,4,0,15,23,15,33,21,0,0,0,0,0,0,0,107,107
Chhattisgarh,22,Kawardha,None,Bodla,None,Bodla,Bodla,220801003,,BODLA,SARSAVATI SHISHU P.M.S.BODLA,22080100309,Primary with Upper Primary,Co. Educational,Private Unaided (Recognized),1990,81.2203,22.1664,Operational,Urban,1,8,,,0,9,6,9,39,38,42,24,39,34,33,43,42,0,0,0,0,295,334
Madhya Pradesh,23,Satna,426,Sohawal,3980,Ghss Vyankat No 2,Maruti Nagar Satna W10-4,231307316,485005,MARUTI NAGAR SATNA W10-4,MAA SHARDA CONVENT MARUTI NAGAR 10,23130731603,Primary with Upper Primary,Co. Educational,Private Unaided (Recognized),2011,80.833,24.5858,Operational,Urban,1,8,,,0,6,0,9,12,10,20,17,26,30,30,32,25,0,0,0,0,190,202
Maharashtra,27,Raigarh (Maharashtra),None,Poladpur,None,Poladpur,Poladpur,272410008,402303,,ZPPS KANYASHALA POLADPUR,27241000802,Primary,Girls Only,Local body,1968,73.468337,17.984428,Operational,Rural,1,4,,,0,4,1,2,0,3,2,3,5,0,0,0,0,0,0,0,0,13,13
Uttar Pradesh,9,Rampur,176,Shahabad,1488,Himmatpur,Laskar Ganj,90501077,244922,,UPS LAKSARGANJ,9050107703,Upper Primary only,Co. Educational,Department of Education,2011,78.281667,28.680556,Operational,Rural,6,8,,,0,4,0,3,0,0,0,0,0,0,43,30,36,0,0,0,0,109,109
